draw_no,date,n1,n2,n3,n4,n5,n6,bonus,rnk1_winners,rnk1_prize,rnk2_winners,rnk2_prize,rnk3_winners,rnk3_prize
1,2002-12-07,10,23,29,33,37,40,16,0,0,1,143934100,28,5140500
2,2002-12-14,9,13,21,25,32,42,2,1,2002006800,2,94866800,103,1842000
3,2002-12-21,11,16,19,21,27,31,30,1,2000000000,0,0,139,1174100
4,2002-12-28,14,27,30,31,40,42,2,0,0,1,211191200,29,7282400
5,2003-01-04,16,24,29,40,41,42,3,0,0,0,0,42,6033800
6,2003-01-11,14,15,26,27,40,42,34,1,6574451700,3,196297600,138,4267300
7,2003-01-18,2,9,16,25,26,40,42,0,0,9,48165000,270,1605500
8,2003-01-25,8,19,25,34,37,39,9,0,0,6,131555000,348,2268100
9,2003-02-01,2,4,16,17,36,39,14,0,0,4,769456500,352,8743800
10,2003-02-08,9,25,30,33,41,44,6,13,6430437900,236,40813400,11247,856400
11,2003-02-15,1,7,36,37,41,42,14,5,4780152300,11,362132700,428,9307100
12,2003-02-22,2,11,21,25,39,45,44,12,1348845700,27,99914400,1903,1417500
13,2003-03-01,22,23,25,37,38,42,26,0,0,6,433309300,450,5777400
14,2003-03-08,2,6,12,31,33,40,15,4,9375048300,28,130363400,1421,2568700
15,2003-03-15,3,4,16,30,31,37,13,1,17014245000,16,177231700,509,5571100
16,2003-03-22,6,7,24,37,38,40,33,4,4377146100,12,243174700,862,3385200
17,2003-03-29,3,4,9,17,32,37,1,3,5349491200,9,297193900,1142,2342100
18,2003-04-05,3,12,13,19,32,35,29,0,0,15,175017300,664,3953700
19,2003-04-12,6,30,38,39,40,43,26,1,40722959400,14,297278500,697,5971100
20,2003-04-19,10,14,18,20,23,30,41,1,19352212800,14,230383400,888,3632100
21,2003-04-26,6,12,17,18,31,32,21,23,797475400,26,117576500,2008,1522400
22,2003-05-03,4,5,6,8,17,39,25,4,4552194900,32,94837300,827,3669600
23,2003-05-10,5,13,17,18,33,42,44,4,4317947700,23,125157900,1372,2098100
24,2003-05-17,7,8,27,29,36,43,6,0,0,18,176023700,925,3425300
25,2003-05-24,2,4,21,26,43,44,16,2,24227745300,28,175267400,1111,4417100
26,2003-05-31,4,5,7,18,20,25,31,5,3495069900,39,74680900,1340,2173500
27,2003-06-07,1,20,26,28,37,43,27,2,9543982500,16,198832900,579,5494500
28,2003-06-14,9,18,23,25,35,37,1,10,1700361100,22,128815200,1164,2434600
29,2003-06-21,1,5,13,34,39,40,11,5,3552594000,17,174146700,752,3936800
30,2003-06-28,8,17,20,35,36,44,4,2,8728555500,22,132250800,872,3336600
31,2003-07-05,7,9,18,23,28,35,32,2,8106672900,29,93180100,1130,2391300
32,2003-07-12,6,14,19,25,34,44,11,10,1634528300,49,55596200,1203,2264500
33,2003-07-19,4,7,32,33,40,41,9,1,14903517600,41,60583400,1063,2336700
34,2003-07-26,9,26,35,37,40,42,2,5,3056918000,45,56609500,1264,2015300
35,2003-08-02,2,3,11,26,37,43,39,3,5054598200,24,105304100,933,2708700
36,2003-08-09,1,10,23,26,28,40,31,1,16014475800,19,140477800,768,3475300
37,2003-08-16,7,27,30,33,35,37,42,3,4985999400,20,124649900,857,2908900
38,2003-08-23,16,17,22,30,37,43,36,3,5374866400,18,149301800,679,3957900
39,2003-08-30,6,7,13,15,21,43,8,6,2623748800,25,104949900,699,3753500
40,2003-09-06,7,13,18,19,25,26,6,13,1147652400,44,56513100,1055,2356900
41,2003-09-13,13,20,23,35,38,43,34,0,0,21,109404000,700,3282100
42,2003-09-20,17,18,19,21,23,32,1,6,6899280100,35,131479800,1405,3275200
43,2003-09-27,6,31,35,38,39,44,1,1,17749630800,21,140870000,926,3194600
44,2003-10-04,3,11,21,30,38,45,39,5,3362155800,23,121817200,785,3569100
45,2003-10-11,1,10,20,27,33,35,17,2,8356417800,27,103165600,890,3129700
46,2003-10-18,8,13,15,23,31,38,39,3,5327758800,39,68304600,1043,2554000
47,2003-10-25,14,17,26,31,36,45,27,5,3250042400,11,246215300,902,3002600
48,2003-11-01,6,10,18,26,37,38,3,6,2415673600,25,96626900,1279,1888700
49,2003-11-08,4,7,16,19,33,40,30,7,1967504600,49,46845300,1487,1543600
50,2003-11-15,2,10,12,15,22,44,1,3,5227061400,14,186680700,826,3164000
51,2003-11-22,2,3,11,16,26,44,35,6,2421117000,26,93119800,961,2519300
52,2003-11-29,2,4,15,16,20,29,1,4,3900844900,13,200043300,669,3887200
53,2003-12-06,7,8,14,32,33,39,42,3,5014371000,25,100287400,802,3126100
54,2003-12-13,1,8,21,27,36,39,37,3,5148626600,15,171620800,719,3580400
55,2003-12-20,17,21,31,37,40,44,7,2,7088799600,24,98455500,728,3245700
56,2003-12-27,10,14,30,31,33,37,19,4,3777570900,29,86840700,1359,1853100
57,2004-01-03,7,10,16,25,29,44,6,4,4114411900,25,109717600,960,2857200
58,2004-01-10,10,24,25,33,40,44,1,4,3676429200,39,62844900,1318,1859600
59,2004-01-17,6,29,36,39,41,45,13,4,4127587300,23,119640200,651,4226900
60,2004-01-24,2,8,25,36,39,42,11,7,2172504600,27,93873600,1088,2329500
61,2004-01-31,14,15,19,30,38,43,8,5,3541038800,11,268260500,789,3740000
62,2004-02-07,3,8,15,27,29,35,21,1,15817286400,22,119827900,829,3179900
63,2004-02-14,3,20,23,36,38,40,5,2,7922245500,26,101567200,824,3204700
64,2004-02-21,14,15,18,21,26,36,39,4,3899818000,11,236352600,651,3993600
65,2004-02-28,4,25,33,36,40,43,39,4,3727945800,27,92048000,1003,2477800
66,2004-03-06,2,3,7,17,22,24,45,4,3685138200,19,129303000,786,3125600
67,2004-03-13,3,7,10,15,36,38,33,7,2114436500,62,39787700,972,2537900
68,2004-03-20,10,12,15,16,26,39,38,5,2945882100,20,122745000,754,3255800
69,2004-03-27,5,8,14,15,19,39,35,3,4962712200,20,124067800,766,3239300
70,2004-04-03,5,19,22,25,28,43,26,3,5031277800,14,179688400,717,3508500
71,2004-04-10,5,9,12,16,29,41,21,0,0,28,88745200,782,3177500
72,2004-04-17,2,4,11,17,26,27,1,13,3260524600,44,104081800,2510,1824500
73,2004-04-24,3,12,18,32,40,43,38,6,2766662100,26,106410000,1363,2029800
74,2004-05-01,6,15,17,18,35,40,23,3,5284949800,40,66061800,1021,2588100
75,2004-05-08,2,5,24,32,34,44,28,4,3914616900,19,137354900,817,3194300
76,2004-05-15,1,3,15,22,25,37,43,2,7451022600,17,146098400,840,2956700
77,2004-05-22,2,18,29,32,43,44,37,3,5155758600,19,135677800,713,3615500
78,2004-05-29,10,13,25,29,33,35,38,4,3519850000,22,106662100,910,2578600
79,2004-06-05,3,12,24,27,30,32,14,4,3416443800,31,73471910,1196,1904373
80,2004-06-12,17,18,24,25,26,30,1,1,13809540000,16,143849375,868,2651602
81,2004-06-19,5,7,11,13,20,33,6,5,2714288880,20,113095370,1046,2162436
82,2004-06-26,1,2,3,14,27,42,39,1,14562494400,20,121354120,637,3810177
83,2004-07-03,6,10,15,17,19,34,14,2,7086948300,15,157487740,851,2775930
84,2004-07-10,16,23,27,34,42,45,11,2,7669779000,17,150387824,635,4026131
85,2004-07-17,6,8,13,23,31,36,21,4,3462109800,31,74453975,823,2804464
86,2004-07-24,2,12,37,39,41,45,33,1,14252186400,16,148460275,611,3887667
87,2004-07-31,4,12,16,23,34,43,26,11,1799358055,33,99964337,1250,2639059
88,2004-08-07,1,17,20,24,30,41,27,4,3069709650,31,66015262,1183,1729902
89,2004-08-14,4,26,28,29,33,40,37,3,4248321900,30,70805365,1340,1585195
90,2004-08-21,17,20,29,35,38,44,10,4,3291435300,34,64537948,1297,1691820
91,2004-08-28,1,21,24,26,29,42,27,4,3582902400,32,74643800,1205,1982242
92,2004-09-04,3,14,24,33,35,36,17,11,1233270846,50,45219931,1623,1393098
93,2004-09-11,6,22,24,36,38,44,19,6,2269178150,26,87276083,1462,1552106
94,2004-09-18,5,32,34,40,41,45,6,6,2245339950,38,59087894,1353,1659527
95,2004-09-25,8,17,27,31,34,43,14,8,1747741238,48,48548368,1728,1348566
96,2004-10-02,1,3,8,21,22,31,20,7,1847133515,38,56710240,1197,1800326
97,2004-10-09,6,7,14,15,20,36,3,9,1496214000,46,48789587,1543,1454518
98,2004-10-16,6,9,16,23,24,32,43,4,3177972300,45,47081072,1880,1126941
99,2004-10-23,1,3,10,27,29,37,11,6,2169219050,40,54230477,1581,1372056
100,2004-10-30,1,7,11,23,37,42,6,4,3315315525,36,61394732,1544,1431484
101,2004-11-06,1,3,17,32,35,45,8,5,2707297500,38,59370560,1405,1605752
102,2004-11-13,17,22,24,26,35,40,42,9,1457153067,24,91072067,1352,1616664
103,2004-11-20,5,14,15,27,30,45,10,8,1691589563,38,59354020,1583,1424797
104,2004-11-27,17,32,33,34,42,44,35,2,6610743750,23,95807881,1293,1704240
105,2004-12-04,8,10,20,34,41,45,28,4,3416781450,26,87609781,1331,1711386
106,2004-12-11,4,10,12,22,24,33,29,16,810461157,40,54030744,2056,1051182
107,2004-12-18,1,4,5,6,9,31,17,2,6679927800,35,63618360,2181,1020928
108,2004-12-25,7,18,22,23,29,44,12,7,1998900772,41,56879291,1462,1595111
109,2005-01-01,1,5,34,36,42,44,33,12,1246838200,31,80441175,1493,1670246
110,2005-01-08,7,20,22,23,29,43,1,3,4566262000,38,60082395,1392,1640181
111,2005-01-15,7,18,31,33,36,40,27,6,2199047450,51,43118578,1734,1268194
112,2005-01-22,26,29,30,33,41,42,43,9,1567271167,32,73465836,1370,1715991
113,2005-01-29,4,9,28,33,36,45,26,9,1561528934,43,54471940,1479,1583701
114,2005-02-05,11,14,19,26,28,41,2,6,2362345050,41,57618172,1491,1584404
115,2005-02-12,1,2,6,9,25,28,31,9,1488589567,34,65673070,1990,1122053
116,2005-02-19,2,4,25,31,34,37,17,7,1997747315,56,41619736,1735,1343346
117,2005-02-26,5,10,22,34,36,44,35,9,1558378334,50,46751350,1642,1423610
118,2005-03-05,3,4,10,17,19,22,38,10,1297989720,41,52763810,1671,1294624
119,2005-03-12,3,11,13,14,17,21,38,9,1474899400,49,45149982,1936,1142743
120,2005-03-19,4,6,10,11,32,37,30,3,4364530300,31,70395650,1605,1359667
121,2005-03-26,12,28,30,34,38,43,9,2,6839648100,31,73544604,1342,1698870
122,2005-04-02,1,11,16,17,36,40,8,9,1450073800,38,57239756,1403,1550329
123,2005-04-09,7,17,18,28,30,45,27,5,2532982680,38,55547866,1477,1429126
124,2005-04-16,4,16,23,25,29,42,1,9,1395936267,37,56592011,1540,1359679
125,2005-04-23,2,8,32,33,35,36,18,7,1754870786,36,56870813,1444,1417832
126,2005-04-30,7,20,22,27,40,43,1,9,1369301500,35,58684350,1439,1427347
127,2005-05-07,3,5,10,29,32,43,35,6,1965939150,43,45719516,1279,1537091
128,2005-05-14,12,30,34,36,37,45,39,6,2064043100,23,89741005,1192,1731580
129,2005-05-21,19,23,25,28,38,42,17,11,1093629655,50,40099754,1473,1361160
130,2005-05-28,7,19,24,27,42,45,31,4,3036496650,30,67477704,1273,1590206
131,2005-06-04,8,10,11,14,15,21,37,8,1451214488,33,58634929,1645,1176264
132,2005-06-11,3,17,23,34,41,45,43,4,2920473525,34,57264187,1382,1408816
133,2005-06-18,4,7,15,18,23,26,13,8,1450242600,51,37914840,1466,1319002
134,2005-06-25,3,12,20,23,31,35,43,5,2349155100,50,39152585,1433,1366106
135,2005-07-02,6,14,22,28,35,39,16,7,1717293515,28,71553897,1424,1406959
136,2005-07-09,2,16,30,36,41,42,11,6,1997694150,26,76834391,1279,1561919
137,2005-07-16,7,9,20,25,36,39,15,9,1270403467,40,47640130,1578,1207608
138,2005-07-23,10,11,27,28,37,39,19,5,2227152000,32,57998750,1251,1483582
139,2005-07-30,9,11,15,20,28,43,13,7,1650210215,28,68758759,1128,1706778
140,2005-08-06,3,13,17,18,19,28,8,5,2109462840,34,51702521,1310,1341898
141,2005-08-13,8,12,29,31,42,43,2,6,1900552400,29,65536290,1144,1661323
142,2005-08-20,12,16,30,34,40,44,19,11,1018265564,28,66672150,1326,1407859
143,2005-08-27,26,27,28,42,43,45,8,3,3954584700,35,56494068,1182,1672837
144,2005-09-03,4,15,17,26,36,37,43,8,1402440413,38,49208436,1498,1248279
145,2005-09-10,2,3,13,20,27,44,9,3,3797838200,38,49971556,1217,1560328
146,2005-09-17,2,19,27,35,41,42,25,2,6043415250,34,59249170,1383,1456596
147,2005-09-24,4,6,13,21,40,42,36,7,1700040215,35,56668008,1215,1632412
148,2005-10-01,21,25,33,34,35,36,17,5,2323596420,35,55323725,1185,1634035
149,2005-10-08,2,11,21,34,41,42,27,7,1639052143,43,44470407,1171,1632987
150,2005-10-15,2,18,25,28,37,39,16,4,2831645850,46,41038346,1279,1475969
151,2005-10-22,1,2,10,13,18,19,15,4,2716634025,45,40246430,1491,1214681
152,2005-10-29,1,5,13,26,29,34,43,5,2278131840,30,63281440,1184,1603415
153,2005-11-05,3,8,11,12,13,36,33,4,2730526125,52,35006746,1446,1258888
154,2005-11-12,6,19,21,35,40,45,20,4,2836628700,32,59096432,1189,1590485
155,2005-11-19,16,19,20,32,33,41,4,9,1193005734,37,48365098,1287,1390450
156,2005-11-26,5,18,28,30,42,45,2,8,1401099900,30,62271107,1230,1518808
157,2005-12-03,19,26,30,33,35,39,37,2,5484903750,28,65296474,1155,1582945
158,2005-12-10,4,9,13,18,21,34,7,10,1069544340,45,39612754,1516,1175841
159,2005-12-17,1,18,30,41,42,43,32,6,1755407300,24,73141971,1071,1639036
160,2005-12-24,3,7,8,34,39,41,1,2,5490805350,32,57195890,1079,1696264
161,2005-12-31,22,34,36,40,42,45,44,7,1996876272,63,33275487,1381,1517999
162,2006-01-07,1,5,21,25,38,41,24,5,2308265760,33,58289540,1172,1641259
163,2006-01-14,7,11,26,28,29,44,16,7,1629726515,47,40454205,1390,1367876
164,2006-01-21,6,9,10,11,39,41,27,3,4054937900,39,51986384,1626,1246906
165,2006-01-28,5,13,18,19,22,42,31,2,6767426700,40,56395223,1535,1469583
166,2006-02-04,9,12,27,36,39,45,14,11,1111299982,28,72763690,1507,1351947
167,2006-02-11,24,27,28,30,36,39,4,5,2491222920,36,57667198,1313,1581127
168,2006-02-18,3,10,31,40,42,43,30,5,2349946920,54,36264613,1544,1268322
169,2006-02-25,16,27,35,37,43,45,19,5,2482888380,31,66744312,1171,1766929
170,2006-03-04,2,11,13,15,31,42,10,6,1923108250,27,71226232,1309,1469144
171,2006-03-11,4,16,25,29,34,35,1,6,1961339700,19,103228406,1381,1420232
172,2006-03-18,4,19,21,24,26,41,35,11,1081154073,19,104321885,1276,1553383
173,2006-03-25,3,9,24,30,33,34,18,8,1487736788,63,31486493,1448,1369924
174,2006-04-01,13,14,18,22,35,39,16,7,1771103058,26,79472574,1325,1559462
175,2006-04-08,19,26,28,31,33,36,17,5,2371132620,48,41165497,1347,1466922
176,2006-04-15,4,17,30,32,33,34,15,5,2314663080,40,48222148,1535,1256604
177,2006-04-22,1,10,13,16,37,43,6,7,1693285500,30,65849992,1260,1567857
178,2006-04-29,1,5,11,12,18,23,9,5,2254621080,44,42701157,1566,1199778
179,2006-05-06,5,9,17,25,39,43,32,10,1081093920,53,33996665,1540,1170016
180,2006-05-13,2,15,20,21,29,34,22,2,5763371550,35,54889253,1284,1496203
181,2006-05-20,14,21,23,32,40,45,44,6,1941763300,24,80906805,1233,1574829
182,2006-05-27,13,15,27,29,34,40,35,3,3721439400,44,42289085,1228,1515245
183,2006-06-03,2,18,24,34,40,42,5,6,1777221500,25,71088860,1294,1373433
184,2006-06-10,1,2,6,16,20,33,41,6,1747753050,31,56379131,1331,1313113
185,2006-06-17,1,2,4,8,19,38,14,3,3522485800,34,51801262,1228,1434237
186,2006-06-24,4,10,14,19,21,45,9,9,1187882600,46,38735303,1169,1524230
187,2006-07-01,1,2,8,18,29,38,42,7,1544733900,19,94852082,1253,1438300
188,2006-07-08,19,24,27,30,31,34,36,3,3501405200,33,53051594,1320,1326290
189,2006-07-15,8,14,32,35,37,45,28,3,3461775100,33,52451138,1085,1595289
190,2006-07-22,8,14,18,30,31,44,15,6,1784159450,33,54065438,1016,1756063
191,2006-07-29,5,6,24,25,32,37,8,4,2577114675,23,74698977,1145,1500504
192,2006-08-05,4,8,11,18,37,45,33,4,2445348375,38,42900849,1098,1484729
193,2006-08-12,6,14,18,26,36,39,13,3,3404449700,20,85111243,1135,1499758
194,2006-08-19,15,20,23,26,39,44,28,4,2650567875,21,84145012,1072,1648364
195,2006-08-26,7,10,19,22,35,40,31,11,918992591,66,25527572,1691,996346
196,2006-09-02,35,36,37,41,44,45,30,15,727876520,27,67395975,1518,1198743
197,2006-09-09,7,12,16,34,42,45,4,6,1803018300,42,42929008,1229,1467062
198,2006-09-16,12,19,20,25,41,45,2,6,1797855050,25,71914202,1050,1712243
199,2006-09-23,14,21,22,25,30,36,43,2,5344252200,23,77452931,1049,1698206
200,2006-09-30,5,6,13,14,17,20,7,8,1344616613,58,30910727,1387,1292590
201,2006-10-07,3,11,24,38,39,44,26,1,9719465400,37,43781376,1347,1202607
202,2006-10-14,12,14,27,33,39,44,17,6,1893391700,40,47334793,1232,1536844
203,2006-10-21,1,3,11,24,30,32,7,5,2164564740,43,41948930,1328,1358287
204,2006-10-28,3,12,14,35,40,45,5,8,1358347125,23,78744761,1180,1534856
205,2006-11-04,1,3,21,29,35,37,30,6,1835221800,21,87391515,1098,1671423
206,2006-11-11,1,2,3,15,20,25,43,5,2032859340,36,47056930,1549,1093641
207,2006-11-18,3,11,14,31,32,37,38,5,2104673760,37,47402563,1203,1457935
208,2006-11-25,14,25,31,34,40,44,24,6,1760767400,34,51787277,1224,1438536
209,2006-12-02,2,7,18,20,24,33,37,6,1660896350,34,48849893,1358,1223046
210,2006-12-09,10,19,22,23,25,37,39,2,5139085950,46,37239754,1298,1319745
211,2006-12-16,12,13,17,20,33,41,8,10,1035800250,29,59528750,1308,1319828
212,2006-12-23,11,12,18,21,31,38,8,4,2660747250,36,49273098,1228,1444489
213,2006-12-30,2,3,4,5,20,24,42,8,1376678025,33,55623355,1977,928463
214,2007-01-06,5,7,20,25,28,37,32,8,1406980875,36,52110403,1433,1309124
215,2007-01-13,2,3,7,15,43,44,4,7,1587689615,32,57884518,1248,1484219
216,2007-01-20,7,16,17,33,36,40,1,13,848506108,63,29181427,2612,703840
217,2007-01-27,16,20,27,33,35,39,38,7,1611246172,29,64820249,1206,1558696
218,2007-02-03,1,8,14,18,29,44,20,4,2779075800,26,71258354,1203,1540081
219,2007-02-10,4,11,20,26,35,37,16,9,1208409167,41,44210092,1292,1402952
220,2007-02-17,5,11,19,21,34,43,31,6,1958094950,28,69931963,1317,1486785
221,2007-02-24,2,20,33,35,37,40,10,6,1800104250,44,40911461,1608,1119468
222,2007-03-03,5,7,28,29,39,43,44,5,2275193820,33,57454390,1105,1715833
223,2007-03-10,1,3,18,20,26,27,38,7,1498170600,39,44817070,1416,1234369
224,2007-03-17,4,19,26,27,30,42,7,6,1808969950,26,69575768,1158,1562151
225,2007-03-24,5,11,13,19,31,36,7,6,1777201800,41,43346386,1287,1380888
226,2007-03-31,2,6,8,14,21,22,34,6,1744100150,38,45897373,1305,1336476
227,2007-04-07,4,5,15,16,22,42,2,2,5253542400,24,72965867,1103,1587653
228,2007-04-14,17,25,35,36,39,44,23,9,1146700334,39,44103859,1338,1285539
229,2007-04-21,4,5,9,11,23,38,35,7,1451441100,27,62716591,1312,1290662
230,2007-04-28,5,11,14,29,32,33,12,8,1292929163,25,68956222,1037,1662397
231,2007-05-05,5,10,19,31,44,45,27,9,1088365900,19,85923624,1267,1288516
232,2007-05-12,8,9,10,12,24,44,35,9,1110918400,18,92576534,1268,1314178
233,2007-05-19,4,6,13,17,28,40,39,10,999153750,26,64048318,1274,1307109
234,2007-05-26,13,21,22,24,26,37,4,4,2519743875,23,73036055,1049,1601363
235,2007-06-02,21,22,26,27,31,37,8,3,3433330100,29,59195347,1178,1457271
236,2007-06-09,1,4,8,13,37,39,7,2,5030040150,41,40894636,1046,1602945
237,2007-06-16,1,11,17,21,24,44,33,7,1440630729,39,43095792,1098,1530725
238,2007-06-23,2,4,15,28,31,34,35,9,1121660567,29,58016926,1066,1578322
239,2007-06-30,11,15,24,39,41,44,7,9,1134140167,29,58662423,1083,1570832
240,2007-07-07,6,10,16,40,41,43,21,2,5098251450,28,60693470,1084,1567728
241,2007-07-14,2,16,24,27,28,35,21,4,2552016300,34,50039536,967,1759405
242,2007-07-21,4,19,20,21,32,34,43,8,1234542375,36,45723792,1245,1322134
243,2007-07-28,2,12,17,19,28,42,34,4,2408850000,29,55375863,1089,1474656
244,2007-08-04,13,16,25,36,37,38,19,1,9121583100,25,60810554,1096,1387103
245,2007-08-11,9,11,27,31,32,38,22,7,1382583129,35,46086105,1092,1477119
246,2007-08-18,13,18,21,23,26,39,15,5,1911774240,26,61274816,1294,1231179
247,2007-08-25,12,15,28,36,39,40,13,6,1669313900,29,57562549,1019,1638189
248,2007-09-01,3,8,17,23,38,45,13,8,1227479363,23,71158224,1155,1417004
249,2007-09-08,3,8,27,31,41,44,11,6,1663568700,29,57364438,1169,1423070
250,2007-09-15,19,23,30,37,43,45,38,5,1994726280,17,97780700,1051,1581610
251,2007-09-22,6,7,19,25,28,38,45,8,1282616400,40,42753880,1242,1376937
252,2007-09-29,14,23,26,31,39,45,28,7,1391089715,24,67622417,1087,1493044
253,2007-10-06,8,19,25,31,34,36,33,4,2466189525,20,82206318,1169,1406439
254,2007-10-13,1,5,19,20,24,30,27,1,9741015900,33,49197050,1225,1325309
255,2007-10-20,1,5,6,24,27,42,32,6,1598618550,13,122970658,1054,1516716
256,2007-10-27,4,11,14,21,23,43,32,2,4891017000,34,47951148,1192,1367735
257,2007-11-03,6,13,27,31,32,37,4,4,2391377025,18,88569520,1233,1292986
258,2007-11-10,14,27,30,31,38,40,17,4,2426434350,28,57772247,1724,938297
259,2007-11-17,4,5,14,35,42,45,34,2,4838533500,25,64513780,1030,1565869
260,2007-11-24,7,12,15,24,37,40,43,4,2310085575,26,59232964,1284,1199422
261,2007-12-01,6,11,16,18,31,43,2,3,3192299100,32,49879674,1104,1445788
262,2007-12-08,9,12,24,25,29,31,36,2,4518741600,21,71726058,1106,1361888
263,2007-12-15,1,27,28,32,37,40,18,6,1551704900,27,57470552,937,1656036
264,2007-12-22,9,16,27,36,41,44,5,7,1344889200,27,58112497,1047,1498604
265,2007-12-29,5,9,34,37,38,39,12,8,1200838575,19,84269374,1010,1585266
266,2008-01-05,3,4,9,11,22,42,37,3,3207211700,36,44544607,1194,1343054
267,2008-01-12,7,8,24,34,36,41,1,3,3257663300,28,58172559,1141,1427548
268,2008-01-19,3,10,19,24,32,45,12,7,1350954515,35,45031818,1362,1157206
269,2008-01-26,5,18,20,36,42,43,32,5,1961399940,22,74295453,1014,1611933
270,2008-02-02,5,9,12,20,21,26,27,5,1927830060,32,50203908,1242,1293499
271,2008-02-09,3,8,9,27,29,40,36,6,1565918150,28,55925649,1256,1246751
272,2008-02-16,7,9,12,27,39,43,28,9,1104622800,39,42485493,1370,1209442
273,2008-02-23,1,8,24,31,34,44,6,3,3339543100,21,79512931,1096,1523515
274,2008-03-01,13,14,15,26,35,39,25,4,2505085575,37,45136678,1254,1331784
275,2008-03-08,14,19,20,35,38,40,26,1,10044066900,19,88105850,991,1689215
276,2008-03-15,4,15,21,33,39,41,25,3,3312569000,31,53428533,1161,1426602
277,2008-03-22,10,12,13,15,25,29,20,3,3272627800,31,52784320,1104,1482169
278,2008-03-29,3,11,37,39,41,43,13,3,3186530000,27,59009815,1089,1463054
279,2008-04-05,7,16,31,36,37,38,11,5,1914205320,27,59080412,1088,1466150
280,2008-04-12,10,11,23,24,36,37,35,7,1355258529,27,58560554,1145,1380904
281,2008-04-19,1,3,4,6,14,41,12,6,1554683200,37,42018465,1491,1042712
282,2008-04-26,2,5,10,18,31,32,30,7,1322052643,32,48199836,1523,1012735
283,2008-05-03,6,8,18,31,38,45,42,3,3137224600,24,65358846,1061,1478429
284,2008-05-10,2,7,15,24,30,45,28,3,3117640300,14,111344297,955,1632273
285,2008-05-17,13,33,37,40,41,45,2,3,3164370100,26,60853272,1017,1555738
286,2008-05-24,1,15,19,40,42,44,17,3,3236566300,27,59936413,1033,1566586
287,2008-05-31,6,12,24,27,35,37,41,7,1328657100,37,41894594,1330,1165489
288,2008-06-07,1,12,17,28,35,41,10,4,2357261550,24,65479488,1056,1488171
289,2008-06-14,3,14,33,37,38,42,10,0,0,24,63761694,1019,1501748
290,2008-06-21,8,13,18,32,39,45,7,13,2149214424,61,51251650,2297,1361059
291,2008-06-28,3,7,8,18,20,42,45,7,1450585200,39,43393575,1227,1379258
292,2008-07-05,17,18,31,32,33,34,10,14,720373950,37,45428988,1688,995778
293,2008-07-12,1,9,17,21,29,33,24,6,1656764400,21,78893543,1154,1435672
294,2008-07-19,6,10,17,30,37,38,40,4,2406504975,26,61705256,1137,1411027
295,2008-07-26,1,4,12,16,18,38,8,0,0,26,62969875,1013,1616207
296,2008-08-02,3,8,15,27,30,45,44,8,3066088275,53,46243415,2066,1186303
297,2008-08-09,6,11,19,20,28,32,34,2,5056668750,28,60198438,1275,1322005
298,2008-08-16,5,9,27,29,37,40,19,1,9909778500,40,41290744,1353,1220717
299,2008-08-23,1,3,20,25,36,45,24,7,1483772529,29,59691999,1118,1548362
300,2008-08-30,7,9,10,12,26,38,39,12,836092425,34,49181908,1416,1180922
301,2008-09-06,7,11,13,33,37,43,26,7,1447385015,47,35927997,1271,1328573
302,2008-09-13,13,19,20,32,38,42,4,2,5472167250,44,41455813,1134,1608515
303,2008-09-20,2,14,17,30,38,45,43,6,1672749000,29,57681000,1158,1444516
304,2008-09-27,4,10,16,26,33,41,38,6,1661646150,37,44909356,1426,1165250
305,2008-10-04,7,8,18,21,23,39,9,5,2008210140,34,49220837,1377,1215330
306,2008-10-11,4,18,23,30,34,41,19,5,2102669520,23,76183679,1219,1437428
307,2008-10-18,5,15,21,23,25,45,12,4,2587643250,28,61610554,1177,1465672
308,2008-10-25,14,15,17,19,37,45,40,1,10232872800,27,63165882,978,1743844
309,2008-11-01,1,2,5,11,18,36,22,11,901622946,25,66119016,1390,1189191
310,2008-11-08,1,5,19,28,34,41,16,8,1296713325,29,59619004,1086,1592036
311,2008-11-15,4,12,24,27,28,32,10,8,1237691063,43,38378018,1363,1210752
312,2008-11-22,2,3,5,6,12,20,25,15,629017820,58,27112838,2064,761892
313,2008-11-29,9,17,34,35,43,45,2,6,1715422800,26,65977800,1120,1531628
314,2008-12-06,15,17,19,34,38,41,2,6,1660512200,24,69188009,1067,1556244
315,2008-12-13,1,13,33,35,43,45,23,8,1308728625,32,54530360,1063,1641554
316,2008-12-20,10,11,21,27,31,39,43,6,1673586400,29,57709876,1398,1197130
317,2008-12-27,3,10,11,22,36,39,8,4,2576258550,25,68700228,1132,1517232
318,2009-01-03,2,17,19,20,34,45,21,9,1207436600,28,64684104,1381,1311481
319,2009-01-10,5,8,22,28,33,42,37,5,2135659380,26,68450622,1151,1546235
320,2009-01-17,16,19,23,25,41,45,3,2,5513067900,25,73507572,1081,1699991
321,2009-01-24,12,18,20,21,25,34,42,6,1959136100,35,55975318,1276,1535374
322,2009-01-31,9,18,29,32,38,43,20,6,1904544700,29,65673956,1465,1300031
323,2009-02-07,10,14,15,32,36,42,3,8,1461025388,27,72149402,1175,1657902
324,2009-02-14,2,4,21,25,33,36,17,6,1865130350,40,46628259,1228,1518836
325,2009-02-21,7,17,20,32,44,45,33,6,1806122450,33,54730984,1258,1435710
326,2009-02-28,16,23,25,33,36,39,40,6,1832134550,31,59101115,1335,1372386
327,2009-03-07,6,12,13,17,32,44,24,12,882674750,39,45265372,1242,1421377
328,2009-03-14,1,6,9,16,17,28,24,6,1819795900,30,60659864,1380,1318693
329,2009-03-21,9,17,19,30,35,42,4,6,1830391200,33,55466400,1215,1506495
330,2009-03-28,3,4,16,17,19,20,23,9,1162280200,32,54481885,1431,1218324
331,2009-04-04,4,9,14,26,31,44,39,5,2165902620,45,40109308,1365,1322285
332,2009-04-11,16,17,34,36,42,45,3,8,1359448388,37,48989132,1098,1650818
333,2009-04-18,5,14,27,30,39,43,35,7,1550987143,36,50263473,1365,1325631
334,2009-04-25,13,15,21,29,39,43,33,7,1523002972,31,57317317,1055,1684206
335,2009-05-02,5,9,16,23,26,45,21,5,2037492480,28,60639658,1222,1389453
336,2009-05-09,3,5,20,34,35,44,16,6,1685632650,30,56187755,989,1704381
337,2009-05-16,1,5,14,18,32,37,4,8,1257500513,33,50808102,1194,1404245
338,2009-05-23,2,13,34,38,42,45,16,3,3383431000,39,43377321,1123,1506426
339,2009-05-30,6,8,14,21,30,37,45,9,1096778334,32,51411485,1107,1486150
340,2009-06-06,18,24,26,29,34,38,32,7,1439393186,35,47979773,1125,1492705
341,2009-06-13,1,8,19,34,39,43,41,7,1497207772,33,52931588,1235,1414367
342,2009-06-20,1,13,14,33,34,43,25,3,3454095800,29,59553376,1177,1467331
343,2009-06-27,1,10,17,29,31,43,15,6,1717153000,29,59212173,1096,1566746
344,2009-07-04,1,2,15,28,34,45,38,7,1467106543,23,74418448,1106,1547581
345,2009-07-11,15,20,23,29,39,42,2,2,5203577550,38,45645418,1028,1687282
346,2009-07-18,5,13,14,22,44,45,33,5,2017727340,26,64670749,1146,1467225
347,2009-07-25,3,8,13,27,32,42,10,7,1456624286,38,44720922,1399,1214722
348,2009-08-01,3,14,17,20,24,31,34,3,3299994000,37,44594514,1222,1350244
349,2009-08-08,5,13,14,20,24,25,36,3,3353209000,37,45313636,1168,1435450
350,2009-08-15,1,8,18,24,29,33,35,9,1101052467,23,71807770,1197,1379765
351,2009-08-22,5,25,27,29,34,36,33,4,2583357150,29,59387521,1137,1514722
352,2009-08-29,5,16,17,20,26,41,24,6,1732858250,29,59753733,1166,1486157
353,2009-09-05,11,16,19,22,29,36,26,2,5290838250,29,60814233,1042,1692527
354,2009-09-12,14,19,36,43,44,45,1,5,2124464340,34,52070205,1014,1745944
355,2009-09-19,5,8,29,30,35,44,38,5,2145424800,24,74493917,1094,1634236
356,2009-09-26,2,8,14,25,29,45,24,9,1157185267,37,46912917,1263,1374330
357,2009-10-03,10,14,18,21,36,37,5,2,5313394350,27,65597462,1116,1587036
358,2009-10-10,1,9,10,12,21,40,37,3,3472654900,44,39461988,1382,1256388
359,2009-10-17,1,10,19,20,24,40,23,8,1286712600,37,46368022,1656,1036001
360,2009-10-24,4,16,23,25,35,40,27,3,3566716200,33,54041155,1208,1476290
361,2009-10-31,5,10,16,24,27,35,33,7,1473115115,34,50548068,1463,1174733
362,2009-11-07,2,3,22,27,30,40,29,6,1729424650,26,66516333,1173,1474361
363,2009-11-14,11,12,14,21,32,38,6,4,2615910600,33,52846679,1216,1434162
364,2009-11-21,2,5,7,14,16,40,4,4,2531914800,37,45620087,1259,1340702
365,2009-11-28,5,15,21,25,26,30,31,1,10697716800,35,50941509,1181,1509698
366,2009-12-05,5,12,19,26,27,44,38,2,5351553900,39,45739777,1617,1103186
367,2009-12-12,3,22,25,29,32,44,19,7,1581736586,37,49874578,1049,1759161
368,2009-12-19,11,21,24,30,39,45,26,7,1465825115,38,45003403,1195,1431071
369,2009-12-26,17,20,35,36,41,43,21,6,1842177750,31,59425089,1157,1592203
370,2010-01-02,16,18,24,42,44,45,17,7,1678941943,32,61211425,1168,1677026
371,2010-01-09,7,9,15,26,27,42,18,7,1524130543,29,61315597,1201,1480560
372,2010-01-16,8,11,14,16,18,21,13,9,1192593200,37,48348373,1368,1307668
373,2010-01-23,15,26,37,42,43,45,9,4,2791801125,29,64179337,1117,1666250
374,2010-01-30,11,13,15,17,25,34,26,2,5528717850,27,68255776,1398,1318245
375,2010-02-06,4,8,19,25,27,45,7,7,1581284058,42,43924558,1279,1442402
376,2010-02-13,1,11,13,24,28,40,7,6,1956915800,51,38370899,1411,1386900
377,2010-02-20,6,22,29,37,43,45,23,3,3912085400,22,88911032,1198,1632757
378,2010-02-27,5,22,29,31,34,39,43,5,2317698240,30,64380507,1124,1718341
379,2010-03-06,6,10,22,31,35,40,19,7,1598999786,71,26274645,1342,1390090
380,2010-03-13,1,2,8,17,26,37,27,4,2684274825,42,42607537,1464,1222348
381,2010-03-20,1,5,10,12,16,20,11,19,565738895,62,28895267,1981,904345
382,2010-03-27,10,15,22,24,27,42,19,6,1846674900,32,57708591,1212,1523660
383,2010-04-03,4,15,28,33,37,40,25,3,3596522100,28,64223609,1251,1437459
384,2010-04-10,11,22,24,32,36,38,7,3,3658734200,41,44618710,1215,1505652
385,2010-04-17,7,12,19,21,29,32,9,7,1542032700,36,49973282,1235,1456712
386,2010-04-24,4,7,10,19,31,40,26,10,1042953330,59,29461959,1683,1032832
387,2010-05-01,1,26,31,34,40,43,20,4,2675533500,26,68603424,1177,1515454
388,2010-05-08,1,8,9,17,29,32,45,4,2545543875,30,56567642,1269,1337297
389,2010-05-15,7,16,18,20,23,26,3,5,2119027020,36,49051552,1253,1409303
390,2010-05-22,16,17,28,37,39,40,15,1,10373997900,37,46729721,1087,1590617
391,2010-05-29,10,11,18,22,28,39,30,1,10508749800,32,54733072,1337,1309992
392,2010-06-05,1,3,7,8,24,42,43,6,1713528700,30,57117624,1504,1139315
393,2010-06-12,9,16,28,40,41,43,21,8,1362003975,35,51885866,1072,1694035
394,2010-06-19,1,13,20,22,25,28,15,1,10654349100,33,53809844,1204,1474855
395,2010-06-26,11,15,20,26,31,35,7,7,1534635000,42,42628750,1420,1260851
396,2010-07-03,18,20,31,34,40,45,30,2,5296622400,34,51927671,1202,1468836
397,2010-07-10,12,13,17,22,25,33,8,3,3499519700,31,56443867,1366,1280937
398,2010-07-17,10,15,20,23,42,44,7,4,2680625550,31,57647862,1112,1607090
399,2010-07-24,1,2,9,17,19,42,20,8,1276854975,40,42561833,1462,1164483
400,2010-07-31,9,21,27,34,41,43,2,4,2669834325,30,59329652,1254,1419370
401,2010-08-07,6,12,18,31,38,43,9,9,1168214792,29,60424904,1355,1293227
402,2010-08-14,5,9,15,19,22,36,32,4,2662206188,41,43287906,1271,1396385
403,2010-08-21,10,14,22,24,28,37,26,5,2122396875,43,41131723,1321,1338883
404,2010-08-28,5,20,21,24,33,40,36,3,3566659375,26,68589604,1273,1400888
405,2010-09-04,1,2,10,25,26,44,4,3,3543878000,35,50626829,1283,1381091
406,2010-09-11,7,12,21,24,27,36,45,5,2156142450,33,54448042,1442,1246038
407,2010-09-18,6,7,13,16,24,25,1,7,1649707286,27,71283649,1268,1517870
408,2010-09-25,9,20,21,22,30,37,16,5,2235375825,33,56448885,1244,1497439
409,2010-10-02,6,9,21,31,32,40,38,4,2896989750,36,53647959,1320,1463127
410,2010-10-09,1,3,18,32,40,41,16,9,1249335709,37,50648745,1303,1438223
411,2010-10-16,11,14,22,35,37,39,5,12,953227563,36,52957087,1318,1446476
412,2010-10-23,4,7,39,41,42,45,40,7,1656199822,34,56830387,1223,1579913
413,2010-10-30,2,9,15,23,34,40,3,4,2814673500,36,52123584,1256,1493989
414,2010-11-06,2,14,15,22,23,44,43,1,11703832500,35,55732536,1220,1598885
415,2010-11-13,7,17,20,26,30,40,24,8,1334182407,35,50825997,1587,1120927
416,2010-11-20,5,6,8,11,22,26,44,10,1072037100,32,55835266,1501,1190359
417,2010-11-27,4,5,14,20,22,43,44,4,2818329938,34,55261372,1181,1590929
418,2010-12-04,11,13,15,26,28,34,31,8,1435649766,46,41613037,1316,1454560
419,2010-12-11,2,11,13,14,28,30,7,3,3796490750,33,57522588,1194,1589821
420,2010-12-18,4,9,10,29,31,34,27,8,1424856375,35,54280243,1187,1600513
421,2010-12-25,6,11,26,27,28,44,30,5,2321144325,36,53730193,1203,1607887
422,2011-01-01,8,15,19,21,34,44,12,6,2205251375,21,105011971,1293,1705531
423,2011-01-08,1,17,27,28,29,40,5,3,3896153875,47,41448446,1432,1360389
424,2011-01-15,10,11,26,31,34,44,30,10,1109480813,51,36257543,1686,1096759
425,2011-01-22,8,10,14,27,33,38,3,8,1534833000,41,49913269,1297,1577829
426,2011-01-29,4,17,18,27,39,43,19,4,3057233625,63,32351679,1463,1393135
427,2011-02-05,6,7,15,24,28,30,21,1,12571445625,33,63492150,1415,1480736
428,2011-02-12,12,16,19,22,37,40,8,9,1437683209,30,71884161,1568,1375335
429,2011-02-19,3,23,28,34,39,42,16,9,1485904709,37,60239381,1389,1604649
430,2011-02-26,1,3,16,18,30,34,44,8,1611763219,45,47755948,1449,1483104
431,2011-03-05,18,22,25,31,38,45,6,10,1268434013,43,49164110,1337,1581195
432,2011-03-12,2,3,5,11,27,39,33,5,2299427550,48,39920618,1747,1096846
433,2011-03-19,19,23,29,33,35,43,27,11,1182294410,41,52866824,1278,1696041
434,2011-03-26,3,13,20,24,33,37,35,8,1480060266,37,53335506,1867,1056998
435,2011-04-02,8,16,26,30,38,45,42,10,1287550013,31,69223119,1426,1504851
436,2011-04-09,9,14,20,22,33,34,28,8,1512266579,44,45826260,1425,1414987
437,2011-04-16,11,16,29,38,41,44,21,6,2096245438,33,63522590,1286,1630051
438,2011-04-23,6,12,20,26,29,38,45,9,1377142167,41,50383250,1303,1585352
439,2011-04-30,17,20,30,31,37,40,25,6,1900077375,33,57578103,1437,1322253
440,2011-05-07,10,22,28,34,36,44,2,6,1995873000,41,48679830,1495,1335033
441,2011-05-14,1,23,28,30,34,35,9,4,3170417063,42,50324081,1127,1875432
442,2011-05-21,25,27,29,36,38,40,41,9,1413413042,27,78522947,1271,1668073
443,2011-05-28,4,6,10,19,20,44,14,9,1327597584,41,48570644,1668,1193883
444,2011-06-04,11,13,23,35,43,45,17,3,4154188625,26,79888243,1270,1635508
445,2011-06-11,13,20,21,30,39,45,32,7,1791683036,28,74653460,1183,1766946
446,2011-06-18,1,11,12,14,26,35,6,3,4051247625,41,49405459,1375,1473181
447,2011-06-25,2,7,8,9,17,33,34,4,2657941125,31,57160025,1721,1029612
448,2011-07-02,3,7,13,27,40,41,36,3,4026212750,35,57517325,1422,1415687
449,2011-07-09,3,10,20,26,35,43,36,3,4059715250,39,52047632,1295,1567458
450,2011-07-16,6,14,19,21,23,31,13,6,1990391625,34,58540931,1349,1475458
451,2011-07-23,12,15,20,24,30,38,29,13,882138952,31,61654873,1612,1185671
452,2011-07-30,8,10,18,30,32,34,27,9,1276902000,48,39903188,1298,1475619
453,2011-08-06,12,24,33,38,40,42,30,5,2262732375,36,52378065,1412,1335419
454,2011-08-13,13,25,27,34,38,41,10,7,1609125590,43,43658447,1397,1343818
455,2011-08-20,4,19,20,26,30,35,24,7,1635711483,32,59635315,1448,1317908
456,2011-08-27,1,7,12,18,23,27,44,7,1598505054,39,47818528,1616,1154037
457,2011-09-03,8,10,18,23,27,40,33,10,1159902825,47,41131306,1506,1283647
458,2011-09-10,4,9,10,32,36,40,18,8,1608812625,52,41251606,1433,1496918
459,2011-09-17,4,6,10,14,25,40,12,7,1655842233,46,41995999,1532,1260977
460,2011-09-24,8,11,28,30,43,45,41,4,3180895782,30,70686573,1307,1622493
461,2011-10-01,11,18,26,31,37,40,43,6,1948674875,32,60896090,1717,1134931
462,2011-10-08,3,20,24,32,37,45,4,8,1483559297,39,50719976,1394,1418996
463,2011-10-15,23,29,31,33,34,44,40,0,0,37,54687384,1254,1613584
464,2011-10-22,6,12,15,34,42,44,4,13,3355721106,78,67273025,3145,1668457
465,2011-10-29,1,8,11,13,22,38,31,7,1923662893,46,48788552,1733,1295023
466,2011-11-05,4,10,13,23,32,44,20,9,1530313459,55,41735822,1746,1314703
467,2011-11-12,2,12,14,17,24,40,39,9,1435441084,33,65247322,1811,1188936
468,2011-11-19,8,13,15,28,37,43,17,9,1527197167,33,69418054,1457,1572269
469,2011-11-26,4,21,22,34,37,38,33,4,3330131250,33,67275379,1277,1738519
470,2011-12-03,10,16,20,39,41,42,27,3,4333330625,27,80246864,1390,1558753
471,2011-12-10,6,13,29,37,39,41,43,7,1939332858,30,75418500,1219,1856075
472,2011-12-17,16,25,26,31,36,43,44,7,1809656090,23,91794150,1352,1561587
473,2011-12-24,8,13,20,22,23,36,34,4,3250418063,36,60192928,1313,1650378
474,2011-12-31,4,13,18,31,33,45,43,15,936690800,48,48785980,1738,1347369
475,2012-01-07,1,9,14,16,21,29,3,8,1693923047,33,68441336,1486,1519896
476,2012-01-14,9,12,13,15,37,38,27,4,3439851469,34,67448069,1294,1772206
477,2012-01-21,14,25,29,32,33,45,37,8,1919011829,33,77535832,1474,1735877
478,2012-01-28,18,29,30,37,39,43,8,14,987224759,35,65814984,1285,1792627
479,2012-02-04,8,23,25,27,35,44,24,6,2233046500,34,65677839,1389,1607665
480,2012-02-11,3,5,10,17,30,31,16,4,2996742282,50,39956564,1983,1007478
481,2012-02-18,3,4,23,29,40,41,20,3,4639355750,34,68225820,1294,1792642
482,2012-02-25,1,10,16,24,25,35,43,7,1897921179,30,73808046,1639,1350971
483,2012-03-03,12,15,19,22,28,34,5,5,2567196675,53,40364728,1886,1134322
484,2012-03-10,1,3,27,28,32,45,11,6,2305303063,32,72040721,1343,1716533
485,2012-03-17,17,22,26,27,36,39,20,9,1501474917,33,68248860,1406,1601859
486,2012-03-24,1,2,23,25,38,40,43,13,1008634125,29,75357722,1501,1455946
487,2012-03-31,4,8,25,27,37,41,21,8,1638830766,46,47502342,1587,1376880
488,2012-04-07,2,8,17,30,31,38,25,10,1330393575,33,67191595,1345,1648567
489,2012-04-14,2,4,8,15,20,27,11,6,2106360625,52,40506936,1538,1369546
490,2012-04-21,2,7,26,29,40,43,42,7,1860234161,29,74837007,1357,1599318
491,2012-04-28,8,17,35,36,39,42,4,4,3304634438,31,71067408,1360,1619919
492,2012-05-05,22,27,31,35,37,40,42,5,2493013800,40,51937788,1434,1448753
493,2012-05-12,20,22,26,33,36,37,25,9,1451120334,27,80617797,1342,1621968
494,2012-05-19,5,7,8,15,30,43,22,12,1054588407,40,52729421,1539,1370486
495,2012-05-26,4,13,22,27,34,44,6,6,2111645000,44,47991932,1568,1346713
496,2012-06-02,4,13,20,29,36,41,39,4,3285932250,46,47622207,1389,1577122
497,2012-06-09,19,20,23,24,43,44,13,6,2222817813,30,74093928,1148,1936253
498,2012-06-16,13,14,24,32,39,41,3,4,3244503094,35,61800059,1334,1621441
499,2012-06-23,5,20,23,27,35,40,43,3,4070480250,46,44244351,1514,1344281
500,2012-06-30,3,4,12,20,24,34,41,9,1351072375,68,29803068,1831,1106832
501,2012-07-07,1,4,10,17,31,42,2,4,3025200094,61,33062297,1639,1230507
502,2012-07-14,6,22,28,32,34,40,26,6,2201458125,31,71014779,1482,1485465
503,2012-07-21,1,5,27,30,34,36,40,7,1853634911,42,51489859,1292,1673819
504,2012-07-28,6,14,22,26,43,44,31,9,1443236959,29,74650188,1294,1672995
505,2012-08-04,7,20,22,25,38,40,44,6,1917955188,38,50472505,1440,1331914
506,2012-08-11,6,9,11,22,24,30,31,3,4073333875,33,61717180,1588,1282536
507,2012-08-18,12,13,32,33,40,41,4,9,1416438875,29,73264080,1473,1442403
508,2012-08-25,5,27,31,34,35,43,37,8,1599557860,31,68798188,1596,1336306
509,2012-09-01,12,25,29,35,42,43,24,5,2689076100,34,65908728,1228,1824835
510,2012-09-08,12,29,32,33,39,40,42,5,2644158150,25,88138605,1319,1670558
511,2012-09-15,3,7,14,23,26,42,24,6,2165579250,37,58529169,1524,1420984
512,2012-09-22,4,5,9,13,26,27,1,13,940094452,52,39170603,1682,1210982
513,2012-09-29,5,8,21,23,27,33,12,3,4589624750,54,42496526,1626,1411324
514,2012-10-06,1,15,20,26,35,42,9,3,4451055500,36,61820216,1362,1634015
515,2012-10-13,2,11,12,15,23,37,8,1,13200466875,35,62859367,1450,1517296
516,2012-10-20,2,8,23,41,43,44,30,11,1294190182,32,74146313,1338,1773305
517,2012-10-27,1,9,12,28,36,41,10,5,2659057725,40,55397036,1493,1484181
518,2012-11-03,14,23,30,32,34,38,6,6,2263804125,34,66582475,1349,1678135
519,2012-11-10,6,8,13,16,30,43,3,7,1950601393,32,71115676,1357,1677010
520,2012-11-17,4,22,27,28,38,40,1,6,2167205438,37,58573120,1627,1332026
521,2012-11-24,3,7,18,29,32,36,19,8,1693420922,53,42601785,1612,1400679
522,2012-12-01,4,5,13,14,37,41,11,6,2281623000,39,58503154,1495,1526170
523,2012-12-08,1,4,37,38,40,45,7,7,1780355840,43,48304229,1557,1334029
524,2012-12-15,10,11,29,38,41,45,21,4,3491695594,36,64661030,1338,1739759
525,2012-12-22,11,23,26,29,39,44,22,9,1501132375,41,54919478,1543,1459300
526,2012-12-29,7,14,17,20,35,39,31,9,1491031959,49,45643836,1539,1453248
527,2013-01-05,1,12,22,32,33,42,38,13,1032386366,29,77132315,1967,1137183
528,2013-01-12,5,17,25,31,39,40,10,11,1197889125,86,25536397,1811,1212662
529,2013-01-19,18,20,24,27,31,42,39,8,1749114797,33,70671305,1502,1552699
530,2013-01-26,16,23,27,29,33,41,22,11,1231656239,40,56450911,1449,1558342
531,2013-02-02,1,5,9,21,27,35,45,9,1521519750,42,54339992,1618,1410557
532,2013-02-09,16,17,23,24,29,44,3,7,2216896286,26,99476116,1480,1747554
533,2013-02-16,9,14,15,17,31,33,23,8,1785671579,44,54111260,1517,1569477
534,2013-02-23,10,24,26,29,37,38,32,1,14215763250,55,43078071,1537,1541506
535,2013-03-02,11,12,14,15,18,39,34,3,4935603000,31,79606500,1512,1632144
536,2013-03-09,7,8,18,32,37,43,12,11,1308523603,40,59973999,1676,1431361
537,2013-03-16,12,23,26,30,36,43,11,7,2104038911,35,70134631,1444,1699940
538,2013-03-23,6,10,18,31,32,34,11,3,4688021625,48,48833559,1724,1359636
539,2013-03-30,3,19,22,31,42,43,26,9,1621036667,42,57894167,1519,1600761
540,2013-04-06,3,12,13,15,34,36,14,7,1989365250,26,89266390,1409,1647216
541,2013-04-13,8,13,26,28,32,34,43,11,1269327171,40,58177496,1444,1611565
542,2013-04-20,5,6,19,26,41,45,34,6,2335152563,26,89813561,1456,1603814
543,2013-04-27,13,18,26,31,34,44,12,12,1112934844,47,47358930,1968,1131032
544,2013-05-04,5,17,21,25,36,44,10,13,1046388433,47,48237765,1527,1484725
545,2013-05-11,4,24,25,27,34,35,2,11,1198994353,42,52337056,1497,1468375
546,2013-05-18,8,17,20,27,37,43,6,30,405939950,55,36903632,3110,652637
547,2013-05-25,6,7,15,22,34,39,28,5,2838444450,54,43803156,1548,1528018
548,2013-06-01,1,12,13,21,32,45,14,8,1736871891,46,50344113,1646,1406944
549,2013-06-08,29,31,35,38,40,44,17,8,1760805047,35,67078288,1487,1578844
550,2013-06-15,1,7,14,20,34,37,41,11,1118679205,58,35360550,2728,751801
551,2013-06-22,3,6,20,24,27,44,25,1,13526973750,32,70452989,1440,1565622
552,2013-06-29,1,10,20,32,35,40,43,10,1330824225,45,49289787,1808,1226793
553,2013-07-06,2,7,17,28,29,39,37,6,2249631438,52,43262144,1647,1365897
554,2013-07-13,13,14,17,32,41,42,6,2,6813893625,41,55397510,1484,1530525
555,2013-07-20,11,17,21,24,26,36,12,8,1711027360,46,49594996,1554,1468063
556,2013-07-27,12,20,23,28,30,44,43,7,2005209161,41,57058798,1411,1657981
557,2013-08-03,4,20,26,28,35,40,31,7,1888069286,43,51226687,1503,1465568
558,2013-08-10,12,15,19,26,40,43,29,10,1315913663,51,43003715,1408,1557663
559,2013-08-17,11,12,25,32,44,45,23,7,1926145608,42,53504045,1566,1434975
560,2013-08-24,1,4,20,23,29,45,28,7,1976697215,40,57653669,1476,1562431
561,2013-08-31,5,7,18,37,42,45,20,5,2753712225,41,55969761,1434,1600252
562,2013-09-07,4,11,13,17,20,31,33,11,1166694614,51,41940003,1789,1195607
563,2013-09-14,5,10,16,17,31,32,21,7,1932735643,38,59338375,1642,1373239
564,2013-09-21,14,19,25,26,27,34,2,7,1934801143,32,70539625,1649,1368871
565,2013-09-28,4,10,18,27,40,45,38,8,1742064469,39,59557760,1866,1244777
566,2013-10-05,4,5,6,25,26,43,41,4,3508951032,35,66837163,1555,1504374
567,2013-10-12,1,10,15,16,32,41,28,6,2318659438,53,43748292,1547,1498811
568,2013-10-19,1,3,17,20,31,44,40,10,1305167550,50,43505585,1845,1179014
569,2013-10-26,3,6,13,23,24,35,1,4,3467925188,36,64220837,1706,1355188
570,2013-11-02,1,12,26,27,29,33,42,9,1527791625,38,60307565,1573,1456890
571,2013-11-09,11,18,21,26,38,43,29,7,1966538465,33,69524088,1506,1523437
572,2013-11-16,3,13,18,33,37,45,1,8,1668216188,53,41967703,1734,1282750
573,2013-11-23,2,4,20,34,35,43,14,8,1645691766,50,43885114,1622,1352809
574,2013-11-30,14,15,16,19,25,43,2,2,6965184938,33,70355404,1259,1844106
575,2013-12-07,2,8,20,30,33,34,6,8,1699267875,45,50348678,1488,1522642
576,2013-12-14,10,11,15,25,35,41,13,3,4321966000,54,40018204,1561,1384359
577,2013-12-21,16,17,22,31,34,37,33,3,4484438375,42,53386172,1526,1469345
578,2013-12-28,5,12,14,32,34,42,16,5,2796466575,43,54195089,1615,1442966
579,2014-01-04,5,7,20,22,37,42,39,11,1396068444,46,55640409,1769,1446840
580,2014-01-11,5,7,9,11,32,35,33,7,2028610500,42,56350292,1665,1421449
581,2014-01-18,3,5,14,20,42,44,33,8,1844554547,39,63061694,1384,1777028
582,2014-01-25,2,12,14,33,40,41,25,4,3560558719,57,41643962,1631,1455369
583,2014-02-01,8,17,27,33,40,44,24,11,1341848353,51,48236379,1826,1347238
584,2014-02-08,7,18,30,39,40,41,36,3,5033183250,32,78643489,1464,1718984
585,2014-02-15,6,7,10,16,38,41,4,9,1620546334,45,54018212,1528,1590851
586,2014-02-22,2,7,12,15,21,34,5,8,1778354344,46,51546503,1570,1510280
587,2014-03-01,14,21,29,31,32,37,17,3,4974577375,43,57843923,1437,1730890
588,2014-03-08,2,8,15,22,25,41,30,5,2889342075,43,55995002,1676,1436626
589,2014-03-15,6,8,28,33,38,39,22,7,2136877983,42,59357722,1559,1599118
590,2014-03-22,20,30,36,38,41,45,23,7,2185183983,31,82238107,1370,1860863
591,2014-03-29,8,13,14,30,38,39,5,5,2964676200,38,65014829,1483,1665923
592,2014-04-05,2,5,6,13,28,44,43,6,2356381688,28,84156489,1406,1675948
593,2014-04-12,9,10,13,24,33,38,28,9,1532833500,62,37084682,1818,1264715
594,2014-04-19,2,8,13,25,28,37,3,11,1255592796,42,54807623,1750,1315383
595,2014-04-26,8,24,28,35,38,40,5,8,1744525219,54,43074697,1501,1549656
596,2014-05-03,3,4,12,14,25,43,17,10,1328267663,41,53994621,1651,1340872
597,2014-05-10,8,10,23,24,35,43,37,13,1057920606,46,49829594,1532,1496189
598,2014-05-17,4,12,24,33,38,45,22,16,833998594,50,44479925,2053,1083291
599,2014-05-24,5,12,17,29,34,35,27,8,1710918329,43,53051732,1685,1353843
600,2014-05-31,5,11,14,27,29,36,44,15,901798725,41,54987728,1518,1485176
601,2014-06-07,2,16,19,31,34,35,37,9,1524565209,28,81673137,1516,1508475
602,2014-06-14,13,14,22,27,30,38,2,8,1689530860,42,53635901,1675,1344901
603,2014-06-21,2,19,25,26,27,43,28,4,3452136563,30,76714146,1363,1688500
604,2014-06-28,2,6,18,21,33,34,30,11,1229141557,36,62595172,1451,1553016
605,2014-07-05,1,2,7,9,10,38,42,9,1394232250,40,52283710,2286,914851
606,2014-07-12,1,5,6,14,20,39,22,10,1311566850,44,49680563,1542,1417604
607,2014-07-19,8,14,23,36,38,39,13,4,3494480907,35,66561542,1448,1608878
608,2014-07-26,4,8,18,19,39,44,41,7,1943530018,32,70857866,1516,1495681
609,2014-08-02,4,8,27,34,39,40,13,2,6339311438,47,44959656,1621,1303581
610,2014-08-09,14,18,20,23,28,36,33,4,3516018375,34,68941537,1398,1676690
611,2014-08-16,2,22,27,33,36,37,14,4,3502706157,47,49683776,1486,1571425
612,2014-08-23,6,9,18,19,25,33,40,11,1181705250,59,36719655,1833,1181921
613,2014-08-30,7,8,11,16,41,44,35,9,1549831209,30,77491561,1538,1511539
614,2014-09-06,8,21,25,39,40,44,18,6,2540975438,46,55238597,1523,1668402
615,2014-09-13,10,17,18,19,23,27,35,9,1535062417,31,74277214,1670,1378799
616,2014-09-20,5,13,18,23,40,45,3,9,1611811250,49,49341161,1700,1422187
617,2014-09-27,4,5,11,12,24,27,28,8,1629701860,43,50533391,1993,1090284
618,2014-10-04,8,16,25,30,42,43,15,5,2881326225,45,53357894,1581,1518726
619,2014-10-11,6,8,13,30,35,40,21,3,4612479375,59,39088809,1712,1347103
620,2014-10-18,2,16,17,32,39,45,40,7,2028283233,44,53780238,1661,1424643
621,2014-10-25,1,2,6,16,19,42,9,6,2359723500,62,38060057,1555,1517508
622,2014-11-01,9,15,16,21,28,34,24,9,1630598292,34,71938160,1629,1501472
623,2014-11-08,7,13,30,39,41,45,25,8,1813702594,35,69093433,1456,1660900
624,2014-11-15,1,7,19,26,27,35,16,5,2763729450,61,37755867,1574,1463220
625,2014-11-22,3,6,7,20,21,39,13,5,2765184675,45,51207124,1654,1393181
626,2014-11-29,13,14,26,33,40,43,15,8,1717871110,45,50899885,1766,1296996
627,2014-12-06,2,9,22,25,31,45,12,10,1352230650,35,64391936,1532,1471096
628,2014-12-13,1,7,12,15,23,42,11,9,1499942875,37,60808495,1628,1382012
629,2014-12-20,19,28,31,38,43,44,1,5,2919433575,34,71554745,1321,1841682
630,2014-12-27,8,17,21,24,27,31,15,3,4836305500,48,50378183,1631,1482620
631,2015-01-03,1,2,4,23,31,34,8,4,3919853532,46,56809472,1676,1559210
632,2015-01-10,15,18,21,32,35,44,6,11,1432587716,52,50507901,1645,1596603
633,2015-01-17,9,12,19,20,39,41,13,12,1217257094,47,51798175,1789,1360825
634,2015-01-24,4,10,11,12,20,27,38,13,1077935106,54,43250483,2208,1057757
635,2015-01-31,11,13,25,26,29,33,32,8,1855587235,35,70689038,1650,1499465
636,2015-02-07,6,7,15,16,20,31,26,8,1832362219,44,55526128,1973,1238292
637,2015-02-14,3,16,22,37,38,44,23,4,3899241094,45,57766535,1637,1587963
638,2015-02-21,7,18,22,24,31,34,6,7,2229403179,41,63438302,1719,1513072
639,2015-02-28,6,15,22,23,25,32,40,4,4061185219,45,60165707,1628,1663058
640,2015-03-07,14,15,18,21,26,35,23,9,1728768834,48,54024027,1639,1582156
641,2015-03-14,11,18,21,36,37,43,12,8,1990074563,50,53068655,1565,1695485
642,2015-03-21,8,17,18,24,39,45,32,12,1251460438,62,40369692,1815,1379020
643,2015-03-28,15,24,31,32,33,40,13,6,2535763625,43,58971248,1525,1662796
644,2015-04-04,5,13,17,23,28,36,8,8,1831451204,49,49835407,1879,1299593
645,2015-04-11,1,4,16,26,40,41,31,4,3696297750,28,88007090,1766,1395356
646,2015-04-18,2,9,24,41,43,45,30,7,2215498393,36,71798560,1522,1698258
647,2015-04-25,5,16,21,23,24,30,29,7,2189725608,44,58060907,1596,1600677
648,2015-05-02,13,19,28,37,38,43,4,7,2120987947,45,54988577,1631,1517159
649,2015-05-09,3,21,22,33,41,42,20,5,2948042100,45,54593373,1689,1454531
650,2015-05-16,3,4,7,11,31,41,35,5,2849298900,45,52764795,1814,1308940
651,2015-05-23,11,12,16,26,29,44,18,8,1855306454,35,70678342,1684,1468968
652,2015-05-30,3,13,15,40,41,44,20,5,3003483525,36,69525082,1504,1664165
653,2015-06-06,5,6,26,27,38,39,1,14,980958670,56,40873278,1997,1146172
654,2015-06-13,16,21,26,31,36,43,6,8,1879301391,69,36315003,1787,1402203
655,2015-06-20,7,37,38,39,40,44,18,9,1661439625,41,60784377,1610,1547926
656,2015-06-27,3,7,14,16,31,40,39,2,7330002750,48,50902797,1747,1398589
657,2015-07-04,10,14,19,39,40,43,23,9,1694762792,52,48887389,1562,1627494
658,2015-07-11,8,19,25,28,32,36,37,9,1634031375,38,64501239,1678,1460696
659,2015-07-18,7,18,19,27,29,42,45,11,1336604216,40,61261027,1765,1388352
660,2015-07-25,4,9,23,33,39,44,14,10,1421272575,48,49349743,1951,1214141
661,2015-08-01,2,3,12,20,27,38,40,8,1713025547,63,36254509,1830,1248107
662,2015-08-08,5,6,9,11,15,37,26,8,1689733688,43,52394844,1787,1260761
663,2015-08-15,3,5,8,19,38,42,20,7,2080244143,60,40449192,1627,1491673
664,2015-08-22,10,20,33,36,41,44,5,10,1536801338,44,58212172,1530,1674076
665,2015-08-29,5,6,11,17,38,44,13,4,3643230375,30,80960675,1790,1356883
666,2015-09-05,2,4,6,11,17,28,16,6,2396901063,47,50997895,1947,1231074
667,2015-09-12,15,17,25,37,42,43,13,7,2228764393,40,65005629,1543,1685176
668,2015-09-19,12,14,15,24,27,32,3,5,2991158625,56,44511290,1873,1330824
669,2015-09-26,7,8,20,29,33,38,9,6,2708173188,52,52080254,1949,1389520
670,2015-10-03,11,18,26,27,40,41,25,12,1191725219,39,61114114,2145,1111166
671,2015-10-10,7,9,10,13,31,35,24,4,3722322844,48,51698929,1778,1395697
672,2015-10-17,8,21,28,31,36,45,43,9,1754745000,46,57219946,1629,1615788
673,2015-10-24,7,10,17,29,33,44,5,10,1491453300,35,71021586,1864,1333560
674,2015-10-31,9,10,14,25,27,31,11,8,1770565500,48,49182375,1846,1278849
675,2015-11-07,1,8,11,15,18,45,7,4,3514549032,65,36046657,1806,1297361
676,2015-11-14,1,8,17,34,39,45,27,8,1879726500,63,39782572,1665,1505287
677,2015-11-21,12,15,24,36,41,44,42,8,1921114407,37,69229348,1701,1505871
678,2015-11-28,4,5,6,12,25,37,45,6,2288490188,41,55816834,1855,1233688
679,2015-12-05,3,5,7,14,26,34,35,5,2863005600,54,44182186,1829,1304450
680,2015-12-12,4,10,19,29,32,42,30,14,1110570563,44,58893894,1870,1385739
681,2015-12-19,21,24,27,29,43,44,7,6,2696328938,37,72873756,1441,1871152
682,2015-12-26,17,23,27,35,38,43,2,4,4063713563,56,48377543,1851,1463611
683,2016-01-02,6,13,20,27,28,40,15,16,1010930883,45,59907016,2704,996974
684,2016-01-09,1,11,15,17,25,39,40,9,1688815709,62,40858445,1968,1287208
685,2016-01-16,6,7,12,28,38,40,18,11,1494367671,52,52686040,1910,1434385
686,2016-01-23,7,12,15,24,25,43,13,8,1937531719,36,71760435,1863,1386676
687,2016-01-30,1,8,10,13,28,42,45,6,2720029313,38,71579719,1780,1528107
688,2016-02-06,5,15,22,23,34,35,2,9,1967536750,53,55685003,2107,1400715
689,2016-02-13,7,17,19,30,36,38,34,7,2321775911,44,61562241,1809,1497368
690,2016-02-20,24,25,33,34,38,39,43,15,1126507625,34,82831444,1772,1589317
691,2016-02-27,15,27,33,35,43,45,16,6,2839296750,31,91590218,1708,1662352
692,2016-03-05,3,11,14,15,32,36,44,7,2301273697,44,61018621,1770,1516848
693,2016-03-12,1,6,11,28,34,42,30,10,1642763813,43,63673016,1692,1618168
694,2016-03-19,7,15,20,25,33,43,12,10,1555036388,78,33227274,2286,1133739
695,2016-03-26,4,18,26,33,34,38,14,11,1450214830,66,40283746,1979,1343471
696,2016-04-02,1,7,16,18,34,38,21,10,1632054413,44,61820243,1721,1580530
697,2016-04-09,2,5,8,11,33,39,31,10,1531443038,90,28360057,1940,1315673
698,2016-04-16,3,11,13,21,33,37,18,8,1921084125,48,53363448,2088,1226746
699,2016-04-23,4,5,8,16,21,29,3,8,1995411375,50,53210970,1799,1478905
700,2016-04-30,11,23,28,29,30,44,13,8,2082099188,41,67710543,1562,1777294
701,2016-05-07,3,10,14,16,36,38,35,10,1583183175,40,65965966,1659,1590500
702,2016-05-14,3,13,16,24,26,29,9,11,1465091387,46,58391324,1819,1476636
703,2016-05-21,10,28,31,33,41,44,21,5,3235784100,51,52872290,1719,1568637
704,2016-05-28,1,4,8,23,33,42,45,4,3865190344,47,54825395,1906,1351938
705,2016-06-04,1,6,17,22,28,45,23,4,3987206532,49,54247708,1805,1472653
706,2016-06-11,3,4,6,10,28,30,37,4,3831746063,51,50088184,2108,1211811
707,2016-06-18,2,12,19,24,39,44,35,12,1322167313,74,35734252,2006,1318213
708,2016-06-25,2,10,16,19,34,45,1,4,4099552219,52,52558362,1712,1596399
709,2016-07-02,10,18,30,36,39,44,32,14,1165271625,44,61794708,1696,1603165
710,2016-07-09,3,4,9,24,25,33,10,5,2895441150,57,42331011,1990,1212497
711,2016-07-16,11,15,24,35,37,45,42,7,2277413358,44,60385961,1865,1424656
712,2016-07-23,17,20,30,31,33,45,19,4,4034485125,47,57226740,1727,1557416
713,2016-07-30,2,5,15,18,19,23,44,9,1714720917,50,51441628,1791,1436115
714,2016-08-06,1,7,22,33,37,40,20,7,2085131733,46,52883776,2029,1198943
715,2016-08-13,2,7,27,33,41,44,10,6,2605510438,61,42713286,1873,1391090
716,2016-08-20,2,6,13,16,29,30,21,12,1358752157,35,77642981,1743,1559096
717,2016-08-27,2,11,19,25,28,32,44,6,2702433688,47,57498590,1974,1369015
718,2016-09-03,4,11,20,23,32,39,40,17,926166464,64,41002162,2404,1091572
719,2016-09-10,4,8,13,19,20,43,26,9,1879581334,58,48609863,2020,1395729
720,2016-09-17,1,12,29,34,36,37,41,14,1233770358,37,77805338,1778,1619122
721,2016-09-24,1,28,35,41,43,44,31,8,2273767360,40,75792246,1607,1886553
722,2016-10-01,12,14,21,30,39,43,45,4,4365422719,46,63266996,1688,1724101
723,2016-10-08,20,30,33,35,36,44,22,8,2114365360,40,70478846,1777,1586469
724,2016-10-15,2,8,33,35,37,41,14,12,1427789813,55,51919630,1833,1557873
725,2016-10-22,6,7,19,21,41,43,38,11,1579217250,47,61600673,1795,1612943
726,2016-10-29,1,11,21,23,34,44,24,14,1166872634,56,48619694,2099,1297143
727,2016-11-05,7,8,10,19,21,31,20,14,1115107742,87,29907105,2064,1260620
728,2016-11-12,3,6,10,30,34,37,36,5,3243464400,56,48265840,1869,1446168
729,2016-11-19,11,17,21,26,36,45,16,4,4198250719,35,79966681,1875,1492712
730,2016-11-26,4,10,14,15,18,22,39,8,2017382110,45,59774285,1741,1544999
731,2016-12-03,2,7,13,25,42,45,39,7,2340471054,45,60678880,1908,1431106
732,2016-12-10,2,4,5,17,27,32,43,7,2203270608,45,57121831,2061,1247202
733,2016-12-17,11,24,32,33,35,40,13,4,4016725125,57,46979242,1966,1362064
734,2016-12-24,6,16,37,38,41,45,18,9,1949395500,36,81224813,1758,1663307
735,2016-12-31,5,10,13,27,37,41,4,10,1847231588,50,61574387,2269,1356862
736,2017-01-07,2,11,17,18,21,27,6,5,3397362225,54,52428430,2250,1258283
737,2017-01-14,13,15,18,24,27,41,11,4,4283061000,48,59486959,1937,1474122
738,2017-01-21,23,27,28,38,42,43,36,11,1634191091,48,62417021,1640,1826840
739,2017-01-28,7,22,29,33,34,35,30,4,4744122282,45,70283294,1942,1628604
740,2017-02-04,4,8,9,16,17,19,31,18,936929792,43,65367195,2447,1148668
741,2017-02-11,5,21,27,34,44,45,16,6,3043595938,55,55338108,1829,1664077
742,2017-02-18,8,10,13,36,37,40,6,16,1111814813,44,67382716,1986,1492870
743,2017-02-25,15,19,21,34,41,44,10,7,2608641000,46,66161185,1982,1535527
744,2017-03-04,10,15,18,21,34,41,43,15,1155411575,61,47352934,2779,1039414
745,2017-03-11,1,2,3,9,12,23,10,20,746822982,110,22631000,3692,674272
746,2017-03-18,3,12,33,36,42,45,25,9,2038623709,58,52723027,1904,1606059
747,2017-03-25,7,9,12,14,23,28,17,9,1903214584,59,48386812,2217,1287696
748,2017-04-01,3,10,13,22,31,32,29,9,1928246542,59,49023218,1937,1493222
749,2017-04-08,12,14,24,26,34,45,41,13,1350104395,64,45706660,1985,1473666
750,2017-04-15,1,2,15,19,24,36,12,7,2522104286,44,66873978,1779,1653994
751,2017-04-22,3,4,16,20,28,44,17,8,2097968110,69,40540447,2210,1265743
752,2017-04-29,4,16,20,33,40,43,7,9,1870358834,75,37407177,2036,1377966
753,2017-05-06,2,17,19,24,37,41,3,6,2711105063,58,46743191,1934,1401813
754,2017-05-13,2,8,17,24,29,31,32,5,3427542000,50,57125700,1856,1538947
755,2017-05-20,13,14,26,28,30,36,37,8,2214427266,54,54677217,1845,1600309
756,2017-05-27,10,14,16,18,27,28,4,5,3414434700,53,53686081,1866,1524846
757,2017-06-03,6,7,11,17,33,44,1,21,739839858,68,38079993,2657,974573
758,2017-06-10,5,9,12,30,39,43,24,8,2078969954,63,43999365,2170,1277401
759,2017-06-17,9,33,36,40,42,43,32,6,3032670500,44,68924330,1761,1722130
760,2017-06-24,10,22,27,31,42,43,12,8,2253299391,45,66764427,1749,1717782
761,2017-07-01,4,7,11,24,42,45,30,7,2392730518,52,53683057,2139,1305058
762,2017-07-08,1,3,12,21,26,41,16,10,1631432063,53,51302896,2044,1330261
763,2017-07-15,3,8,16,32,34,43,10,8,2138130000,45,63352000,2019,1412006
764,2017-07-22,7,22,24,31,34,36,15,7,2459975465,44,65226623,1908,1504178
765,2017-07-29,1,3,8,12,42,43,33,15,1109214250,54,51352512,2121,1307419
766,2017-08-05,9,30,34,35,39,41,21,8,2173637297,41,70687392,1734,1671386
767,2017-08-12,5,15,20,31,34,42,22,15,1163768725,46,63248301,1905,1527256
768,2017-08-19,7,27,29,30,38,44,4,13,1363572260,53,55743521,1849,1597841
769,2017-08-26,5,7,11,16,41,45,4,9,1930760042,55,52657093,1962,1476117
770,2017-09-02,1,9,12,23,39,43,34,8,2163099329,75,38455100,2302,1252882
771,2017-09-09,6,10,17,18,21,29,30,4,4362644907,49,59355714,2054,1415984
772,2017-09-16,5,6,11,14,21,41,32,10,1769608838,53,55648077,2027,1455032
773,2017-09-23,8,12,19,21,31,35,44,11,1609403080,58,50871937,2094,1409061
774,2017-09-30,12,15,18,28,34,42,9,11,1709721512,60,52241491,1956,1602500
775,2017-10-07,11,12,29,33,38,42,17,5,3470437650,37,78163011,1719,1682392
776,2017-10-14,8,9,18,21,28,40,20,7,2557579393,50,59676853,2001,1491176
777,2017-10-21,6,12,17,21,34,37,18,21,833468036,66,44199063,2413,1208926
778,2017-10-28,6,21,35,36,37,41,11,3,6264069500,67,46746788,1731,1809379
779,2017-11-04,6,12,19,24,34,41,4,11,1527709296,66,42436370,2503,1118978
780,2017-11-11,15,17,19,21,27,45,16,11,1667520137,45,67936006,1681,1818632
781,2017-11-18,11,16,18,19,24,39,43,9,1882891542,52,54314180,1967,1435861
782,2017-11-25,6,18,31,34,38,45,20,9,1946487625,49,59586356,2047,1426347
783,2017-12-02,14,15,16,17,38,45,36,4,4603964625,36,85258605,1869,1642221
784,2017-12-09,3,10,23,24,31,39,22,9,1908678000,51,56137589,2257,1268506
785,2017-12-16,4,6,15,25,26,33,40,6,2886622688,55,52484049,1972,1463805
786,2017-12-23,12,15,16,20,24,30,38,4,4551365250,96,31606704,2064,1470080
787,2017-12-30,5,6,13,16,27,28,9,6,3092108313,51,60629575,2339,1321979
788,2018-01-06,2,10,11,19,35,39,29,13,1401475154,70,43378993,2257,1345384
789,2018-01-13,2,6,7,12,19,45,38,15,1140976825,70,40749173,2437,1170473
790,2018-01-20,3,8,19,27,30,41,12,16,1160516274,59,52452713,2417,1280394
791,2018-01-27,2,10,12,31,33,42,32,14,1253081893,38,76943625,2410,1213219
792,2018-02-03,2,7,19,25,29,36,16,7,2655736768,65,47667071,1958,1582411
793,2018-02-10,10,15,21,35,38,43,31,5,3750146775,61,51231514,2043,1529674
794,2018-02-17,6,7,18,19,30,38,13,7,2650940304,45,68728082,2607,1186331
795,2018-02-24,3,10,13,26,34,38,36,11,1714977000,62,50711686,2423,1297617
796,2018-03-03,1,21,26,36,40,41,5,7,2763490340,46,70088524,1921,1678331
797,2018-03-10,5,22,31,32,39,45,36,8,2397028125,34,94001103,1868,1710941
798,2018-03-17,2,10,14,22,32,36,41,7,2710791911,60,52709843,2124,1488979
799,2018-03-24,12,17,23,34,42,45,33,10,1826427225,56,54357954,2242,1357737
800,2018-03-31,1,4,10,12,28,45,26,11,1632246205,51,58675518,2179,1373315
801,2018-04-07,17,25,28,37,43,44,2,8,2256786657,51,59000959,1999,1505278
802,2018-04-14,10,11,12,18,24,42,27,16,1082947993,67,43102408,2207,1308501
803,2018-04-21,5,9,14,26,30,43,2,5,3663810225,50,61063504,2094,1458059
804,2018-04-28,1,10,13,26,32,36,9,11,1631996523,49,61061095,2048,1460935
805,2018-05-05,3,12,13,18,31,32,42,4,4266061969,53,53661157,2075,1370623
806,2018-05-12,14,20,23,31,37,38,27,7,2640760875,57,54050662,1850,1665345
807,2018-05-19,6,10,18,25,34,35,33,7,2437662322,59,48202363,2319,1226365
808,2018-05-26,15,21,31,32,41,43,24,6,3087620500,46,67122185,1962,1573711
809,2018-06-02,6,11,15,17,23,40,39,6,2921372750,56,52167371,2179,1340695
810,2018-06-09,5,10,13,21,39,43,11,8,2231598047,64,46491626,2053,1449325
811,2018-06-16,8,11,19,21,36,45,25,7,2524148197,49,60098767,2151,1369057
812,2018-06-23,1,3,12,14,16,43,10,6,2947954750,68,43352276,1976,1491880
813,2018-06-30,11,30,34,35,42,44,27,4,4591763157,43,71190127,1800,1700654
814,2018-07-07,2,21,28,38,42,45,30,6,3067192063,52,58984463,1833,1673319
815,2018-07-14,17,21,25,26,27,36,4,7,2579855358,39,77175161,1703,1767371
816,2018-07-21,12,18,19,29,31,39,7,8,2128107938,67,42350407,2064,1374747
817,2018-07-28,3,9,12,13,25,43,34,9,1868477334,54,51902149,2068,1355279
818,2018-08-04,14,15,25,28,29,30,3,13,1380804318,39,76711351,1845,1621541
819,2018-08-11,16,25,33,38,40,45,15,7,2594534840,49,61774640,1981,1527995
820,2018-08-18,10,21,22,30,35,42,6,4,4627313532,60,51414595,1987,1552530
821,2018-08-25,1,12,13,24,29,44,16,14,1316155956,55,55836920,2100,1462396
822,2018-09-01,9,18,20,24,27,36,12,3,5930898625,79,37537334,2153,1377357
823,2018-09-08,12,18,24,26,39,40,15,9,2009843917,61,49422392,2348,1283972
824,2018-09-15,7,9,24,29,34,38,26,15,1256646550,51,61600322,2106,1491746
825,2018-09-22,8,15,21,31,33,38,42,12,1658710563,53,62592852,2249,1475065
826,2018-09-29,13,16,24,25,33,36,42,9,2075192084,47,66229535,2232,1394619
827,2018-10-06,5,11,12,29,33,44,14,15,1206500375,46,65570673,2113,1427474
828,2018-10-13,4,7,13,29,31,39,18,13,1455185972,62,50853274,1968,1602085
829,2018-10-20,4,5,31,35,43,45,29,8,2444650641,45,72434094,1837,1774379
830,2018-10-27,5,6,16,18,37,38,17,9,2060528750,80,38634915,2142,1442948
831,2018-11-03,3,10,16,19,31,39,9,16,1110702258,61,48555290,2660,1113486
832,2018-11-10,13,14,19,26,40,43,30,9,2088204584,60,52205115,2137,1465750
833,2018-11-17,12,18,30,39,41,42,19,8,2356317282,53,59278423,1945,1615299
834,2018-11-24,6,8,18,35,42,43,3,11,1690693671,47,65949044,1967,1575804
835,2018-12-01,9,10,13,28,38,45,35,15,1233681125,58,53175911,2306,1337469
836,2018-12-08,1,9,11,14,26,28,19,14,1257843670,62,47338203,2230,1316130
837,2018-12-15,2,25,28,30,33,45,6,6,3144449125,47,66903173,2012,1562848
838,2018-12-22,9,14,17,33,36,38,20,5,3813733050,68,46736925,2220,1431582
839,2018-12-29,3,9,11,12,13,19,35,13,1359454904,48,61364284,2664,1105663
840,2019-01-05,2,4,11,28,29,43,27,10,2042961788,51,66763458,2275,1496676
841,2019-01-12,5,11,14,30,33,38,24,17,1116095714,88,35934900,2490,1269989
842,2019-01-19,14,26,32,36,39,42,38,10,2035475025,42,80772819,2039,1663786
843,2019-01-26,19,21,30,33,34,42,4,5,4012970100,52,64310419,2002,1670401
844,2019-02-02,7,8,13,15,33,45,18,18,1162963542,73,47793023,2406,1450080
845,2019-02-09,1,16,29,33,40,45,6,11,1891217182,56,61914849,2038,1701292
846,2019-02-16,5,18,30,41,43,45,13,13,1596884395,69,50143713,1997,1732557
847,2019-02-23,12,16,26,28,30,42,22,8,2520846657,40,84028222,2443,1375821
848,2019-03-02,1,2,16,22,38,39,34,7,3011580858,42,83655024,2109,1665961
849,2019-03-09,5,13,17,29,34,39,3,17,1158252883,56,58602081,2682,1223608
850,2019-03-16,16,20,24,28,36,39,5,6,3377587875,55,61410689,2023,1669594
851,2019-03-23,14,18,22,26,31,44,40,8,2483692313,70,47308425,2101,1576197
852,2019-03-30,11,17,28,30,33,35,9,4,4801543407,67,47776552,2328,1375013
853,2019-04-06,2,8,23,26,27,44,13,7,2885006786,90,37398237,2018,1667910
854,2019-04-13,20,25,31,32,36,43,3,6,3421706750,44,77766063,1865,1834696
855,2019-04-20,8,15,17,19,43,44,7,9,2269510500,61,55807636,2022,1683614
856,2019-04-27,10,24,40,41,43,44,17,5,3977927550,53,62546031,1949,1700842
857,2019-05-04,6,10,16,28,34,38,43,15,1284915425,62,51811106,2367,1357114
858,2019-05-11,9,13,32,38,39,43,23,9,2202347459,41,80573688,2075,1592059
859,2019-05-18,8,22,35,38,39,41,24,11,1853927489,51,66644453,1895,1793598
860,2019-05-25,4,8,18,25,27,32,42,10,1879899825,62,50534942,2339,1339533
861,2019-06-01,11,17,19,21,22,25,24,4,4872108844,65,49970348,2256,1439749
862,2019-06-08,10,34,38,40,42,43,32,9,2190922709,63,52164827,2042,1609395
863,2019-06-15,16,21,28,35,39,43,12,7,2853357322,64,52014327,2042,1630224
864,2019-06-22,3,7,10,13,25,36,32,11,1716553637,64,49172110,2467,1275645
865,2019-06-29,3,15,22,32,33,45,2,13,1551729145,52,64655382,2076,1619499
866,2019-07-06,9,15,29,34,37,39,12,9,2240409000,68,49420787,2035,1651408
867,2019-07-13,14,17,19,22,24,40,41,5,3933755250,57,57511042,2175,1507186
868,2019-07-20,12,17,28,41,43,44,25,6,3233804250,61,53013185,2152,1502698
869,2019-07-27,2,6,20,27,37,39,4,10,1922582588,56,57219720,2210,1449912
870,2019-08-03,21,25,30,32,40,42,31,10,1928842988,48,66973715,2033,1581279
871,2019-08-10,2,6,12,26,30,34,38,7,2718071358,61,51984972,2231,1421374
872,2019-08-17,2,4,30,32,33,43,29,16,1262705579,46,73200324,2018,1668591
873,2019-08-24,3,5,12,13,33,39,38,10,1874553225,68,45944932,2375,1315476
874,2019-08-31,1,15,19,23,28,42,32,18,1117123917,68,49284879,2240,1496149
875,2019-09-07,19,22,30,34,39,44,36,14,1415946724,33,100117446,2278,1450341
876,2019-09-14,5,16,21,26,34,42,24,19,1090657856,59,58538134,2427,1423054
877,2019-09-21,5,17,18,22,23,43,12,12,1716607188,75,45776192,2167,1584317
878,2019-09-28,2,6,11,16,25,31,3,6,3207993500,69,46492660,2971,1079769
879,2019-10-05,1,4,10,14,15,35,20,6,3206361313,77,41641057,2594,1236069
880,2019-10-12,7,17,19,23,24,45,38,7,2837810465,52,63668825,2332,1419717
881,2019-10-19,4,18,20,26,27,32,9,8,2503212282,67,49815170,2189,1524722
882,2019-10-26,18,34,39,43,44,45,23,5,4127270400,44,78168000,2082,1651966
883,2019-11-02,9,18,32,33,37,44,22,15,1360519525,65,52327675,2538,1340150
884,2019-11-09,4,14,23,28,37,45,17,12,1799077282,74,48623711,2207,1630338
885,2019-11-16,1,3,24,27,39,45,31,13,1543832568,56,59731618,2279,1467737
886,2019-11-23,19,23,28,37,42,45,2,7,2974643786,59,58820640,2140,1621691
887,2019-11-30,8,14,17,27,36,45,10,8,2535268688,66,51217550,2388,1415561
888,2019-12-07,3,7,12,31,34,38,32,8,2370359204,59,53567440,2453,1288414
889,2019-12-14,3,13,29,38,39,42,26,10,2108986950,60,58582971,2338,1503413
890,2019-12-21,1,4,14,18,29,37,6,9,2335486167,58,60400505,2376,1474424
891,2019-12-28,9,13,28,31,39,41,19,7,3082673947,77,46707182,2443,1472147
892,2020-01-04,4,9,17,18,26,42,36,17,1282017464,78,46569011,2709,1340858
893,2020-01-11,1,15,17,23,25,41,10,9,2377433625,58,61485353,2113,1687720
894,2020-01-18,19,32,37,40,41,43,45,9,2377935959,56,63694714,2331,1530204
895,2020-01-25,16,26,31,38,39,41,23,12,1928079219,58,66485491,2750,1402240
896,2020-02-01,5,12,25,26,38,45,23,7,3053222036,46,77436791,2586,1377453
897,2020-02-08,6,7,12,22,26,36,29,13,1619922520,62,56610196,2398,1463650
898,2020-02-15,18,21,28,35,37,42,17,8,2639313235,56,62840792,3240,1086138
899,2020-02-22,8,19,20,21,33,39,37,6,3359356063,53,63384077,2402,1398567
900,2020-02-29,7,13,16,18,35,38,14,6,3349851375,51,65683361,2385,1404550
901,2020-03-07,5,18,20,23,30,34,21,9,2267974667,67,50775553,2308,1473987
902,2020-03-14,7,19,23,24,36,39,30,13,1619317529,67,52365990,2372,1479141
903,2020-03-21,2,15,16,21,22,28,45,13,1684582212,49,74488330,2316,1575963
904,2020-03-28,2,6,8,26,43,45,11,8,2718077813,92,39392433,2337,1550751
905,2020-04-04,3,4,16,27,38,40,20,7,3017862536,77,45725190,2643,1332138
906,2020-04-11,2,5,14,28,31,32,20,9,2472607250,63,58871602,2369,1565602
907,2020-04-18,21,27,29,38,40,44,37,7,3165059036,67,55112969,2300,1605465
908,2020-04-25,3,16,21,22,23,44,30,8,2834856141,57,66312425,2161,1749102
909,2020-05-02,7,24,29,30,34,35,33,11,2021062875,63,58814000,2316,1599863
910,2020-05-09,1,11,17,27,35,39,31,21,941316375,72,45758435,2694,1222943
911,2020-05-16,4,5,12,14,32,42,35,10,2113538625,58,60733869,2571,1370115
912,2020-05-23,5,8,18,21,22,38,10,14,1493500581,70,49783353,2547,1368212
913,2020-05-30,6,14,16,21,27,37,40,16,1338755602,66,54091136,2467,1447108
914,2020-06-06,16,19,24,33,42,44,27,11,1950005557,55,65000186,2585,1382983
915,2020-06-13,2,6,11,13,22,37,14,6,3518640500,63,55851437,2436,1444434
916,2020-06-20,6,21,22,32,35,36,17,11,2025384341,70,53045781,2184,1700186
917,2020-06-27,1,3,23,24,27,43,34,10,2144799638,47,76056725,2260,1581711
918,2020-07-04,7,11,12,31,33,38,5,18,1117622646,86,38986837,2718,1233580
919,2020-07-11,9,14,17,18,42,44,35,5,4305150450,56,64064739,2541,1411896
920,2020-07-18,2,3,26,33,34,43,29,7,3120260197,53,68684973,2348,1550385
921,2020-07-25,5,7,12,22,28,41,1,17,1232573405,72,48504047,2682,1302123
922,2020-08-01,2,6,13,17,27,43,36,6,3417904500,89,38403422,2876,1188423
923,2020-08-08,3,17,18,23,36,41,26,8,2667554625,56,63513206,2376,1496945
924,2020-08-15,3,11,34,42,43,44,13,9,2382430667,69,51791972,2198,1625863
925,2020-08-22,13,24,32,34,39,42,4,12,1771080532,68,52090604,2335,1516986
926,2020-08-29,10,16,18,20,25,31,6,10,2032490663,72,47048395,2923,1158907
927,2020-09-05,4,15,22,38,41,43,26,6,3714203875,63,58955618,2331,1593396
928,2020-09-12,3,4,10,20,28,44,30,7,3134591358,81,45148436,2639,1385761
929,2020-09-19,7,9,12,15,19,23,4,16,1308035157,91,38330701,3028,1151947
930,2020-09-26,8,21,25,38,39,44,28,8,2832418829,55,68664699,2776,1360432
931,2020-10-03,14,15,23,25,35,43,32,8,2957108063,54,73015014,2596,1518803
932,2020-10-10,1,6,15,36,37,38,5,7,3390022983,64,61797294,2420,1634309
933,2020-10-17,23,27,29,31,36,45,37,8,2927797079,63,61963960,2215,1762407
934,2020-10-24,1,3,30,33,36,39,12,4,5765772844,66,58240130,2359,1629440
935,2020-10-31,4,10,20,32,38,44,18,13,1711055424,120,30894057,2933,1263992
936,2020-11-07,7,11,13,17,18,29,43,14,1492069179,77,45214218,2864,1215606
937,2020-11-14,2,10,13,22,29,40,26,11,2058420819,57,66206518,2480,1521683
938,2020-11-21,4,8,10,16,31,36,9,10,2249466563,64,58579859,2531,1481277
939,2020-11-28,4,11,28,39,42,45,6,13,1708363039,67,55245571,2682,1380110
940,2020-12-05,3,15,20,22,24,41,11,8,2846071079,51,74407088,2329,1629353
941,2020-12-12,12,14,25,27,39,40,35,16,1347297422,87,41296473,3275,1097037
942,2020-12-19,10,12,18,35,42,43,39,6,3761680313,52,72340007,2473,1521101
943,2020-12-26,1,8,13,36,44,45,39,7,3435045108,74,54156117,2722,1472283
944,2021-01-02,2,13,16,19,32,33,42,13,1961836356,79,53805639,3057,1390464
945,2021-01-09,9,10,15,30,33,37,26,13,1765554491,71,53878424,2490,1536293
946,2021-01-16,9,18,19,30,34,40,20,11,2157656182,71,55714127,2949,1341371
947,2021-01-23,3,8,17,20,27,35,26,18,1275855750,58,65992539,3182,1202881
948,2021-01-30,13,18,30,31,38,41,5,11,2188548716,90,44581548,2905,1381184
949,2021-02-06,14,21,35,36,40,44,30,10,2458569713,65,63040250,2594,1579652
950,2021-02-13,3,4,15,22,28,40,10,8,3281920500,67,65311851,2886,1516249
951,2021-02-20,2,12,30,31,39,43,38,14,1747552661,72,56633652,2907,1402692
952,2021-02-27,4,12,22,24,33,41,38,9,2713699834,93,43769353,3039,1339438
953,2021-03-06,7,9,22,27,37,42,34,14,1640636009,102,37530890,3273,1169616
954,2021-03-13,1,9,26,28,30,41,32,10,2478795900,64,64551977,2657,1554884
955,2021-03-20,4,9,23,26,29,33,8,12,2023170188,71,56990710,2650,1526921
956,2021-03-27,10,11,20,21,25,41,40,11,2022982671,136,27270600,3053,1214806
957,2021-04-03,4,15,24,35,36,40,1,11,2126634137,61,63915234,2835,1375249
958,2021-04-10,2,9,10,16,35,37,1,15,1596119675,67,59556705,2470,1615506
959,2021-04-17,1,14,15,24,40,41,35,8,3015312891,75,53605563,2502,1606882
960,2021-04-24,2,18,24,30,32,45,14,10,2401133213,56,71462298,2569,1557762
961,2021-05-01,11,20,29,31,33,42,43,9,2575231209,73,52915710,2716,1422256
962,2021-05-08,1,18,28,31,34,43,40,12,1940906094,73,53175510,2581,1503996
963,2021-05-15,6,12,19,23,34,42,35,15,1476478125,68,54282285,3137,1176665
964,2021-05-22,6,21,36,38,39,43,30,10,2345861063,52,75187855,2447,1597781
965,2021-05-29,2,13,25,28,29,36,34,7,3403348929,46,86316821,2389,1662024
966,2021-06-05,1,21,25,29,34,37,36,10,2411303513,50,80376784,2352,1708691
967,2021-06-12,1,6,13,37,38,40,9,4,5809776094,69,56133103,2475,1564923
968,2021-06-19,2,5,12,14,24,39,33,13,1667729683,97,37251694,3116,1159633
969,2021-06-26,3,9,10,29,40,45,7,20,1149427894,56,68418328,2633,1455157
970,2021-07-03,9,11,16,21,28,36,5,14,1611544045,87,43221488,2479,1516850
971,2021-07-10,2,6,17,18,21,26,7,6,3725880250,62,60094843,2685,1387665
972,2021-07-17,3,6,17,23,37,39,26,20,1124886244,80,46870261,2570,1458997
973,2021-07-24,22,26,31,37,41,42,24,8,2912742750,42,92468024,2257,1720717
974,2021-07-31,1,2,11,16,39,44,32,17,1317034523,66,56539361,2636,1415629
975,2021-08-07,7,8,9,17,22,24,5,9,2440410375,61,60010092,2828,1294419
976,2021-08-14,4,12,14,25,35,37,2,7,3243867215,69,54847997,3085,1226747
977,2021-08-21,2,9,10,14,22,44,16,14,1669905911,82,47517648,2474,1574959
978,2021-08-28,1,7,15,32,34,42,8,10,2373391388,70,56509319,2826,1399736
979,2021-09-04,7,11,16,21,27,33,24,14,1606400518,79,47446429,3414,1097911
980,2021-09-11,3,13,16,23,24,35,14,7,3409443215,70,56824054,2819,1411027
981,2021-09-18,27,36,37,41,43,45,32,13,1992863193,65,66428774,2824,1528991
982,2021-09-25,5,7,13,20,21,44,33,8,3023630672,81,49771699,2931,1375472
983,2021-10-02,13,23,26,31,35,43,15,10,2503422225,78,53491928,2640,1580444
984,2021-10-09,3,10,23,35,36,37,18,7,3453006268,64,62945427,2596,1551814
985,2021-10-16,17,21,23,30,34,44,19,10,2434752975,62,65450349,2581,1572229
986,2021-10-23,7,10,16,28,41,42,40,10,2375275125,70,56554170,2793,1417398
987,2021-10-30,2,4,15,23,29,38,7,10,2378711625,73,54308485,2968,1335755
988,2021-11-06,2,13,20,30,31,41,27,9,2678489375,61,65864493,2663,1508725
989,2021-11-13,17,18,21,27,29,33,26,4,5826768563,63,61658927,2444,1589408
990,2021-11-20,2,4,25,26,36,37,28,14,1740095277,56,72503970,2858,1420652
991,2021-11-27,13,18,25,31,33,44,38,8,2904166032,110,35202013,2969,1304218
992,2021-12-04,12,20,26,33,44,45,24,12,1986955563,58,68515710,2373,1674636
993,2021-12-11,6,14,16,18,24,42,44,6,3991197063,70,57017101,2732,1460907
994,2021-12-18,1,3,8,24,27,35,28,12,1861582063,70,53188059,2803,1328279
995,2021-12-25,1,4,13,29,38,39,7,7,3447271875,69,58287206,2793,1439964
996,2022-01-01,6,11,15,24,32,39,28,18,1491185771,86,52018109,3313,1350305
997,2022-01-08,4,7,14,16,24,44,20,19,1253749560,85,46708317,3692,1075354
998,2022-01-15,13,17,18,20,42,45,41,12,2076499657,53,78358478,2648,1568354
999,2022-01-22,1,3,9,14,18,28,34,16,1513274790,67,60229843,2943,1371186
1000,2022-01-29,2,8,19,22,32,42,39,22,1246819620,109,41941945,4018,1137798
1001,2022-02-05,6,10,12,14,20,42,15,12,2077279594,66,62947867,2761,1504730
1002,2022-02-12,17,25,33,35,38,45,15,8,3088449563,85,48446268,3193,1289676
1003,2022-02-19,1,4,29,39,43,45,31,14,1811116822,66,64029383,2649,1595297
1004,2022-02-26,7,15,30,37,39,44,18,10,2576251913,68,63143430,2785,1541743
1005,2022-03-05,8,13,18,24,27,29,17,12,2061199344,84,49076175,2798,1473338
1006,2022-03-12,8,11,15,16,17,37,36,9,2855602125,65,65898511,2487,1722318
1007,2022-03-19,8,11,16,19,21,25,40,9,2718786375,70,58259709,2844,1433960
1008,2022-03-26,9,11,30,31,41,44,33,11,2267377910,97,42854222,2826,1470935
1009,2022-04-02,15,23,29,34,40,44,20,15,1702462825,69,61683436,2632,1617081
1010,2022-04-09,9,12,15,25,34,36,3,8,3119380079,66,63017780,2781,1495568
1011,2022-04-16,1,9,12,26,35,38,42,11,2220348512,76,53561039,2818,1444514
1012,2022-04-23,5,11,18,20,35,45,3,13,1861944318,76,53081746,2882,1399797
1013,2022-04-30,21,22,26,34,36,41,32,5,5047570725,79,53244417,2586,1626570
1014,2022-05-07,3,11,14,18,26,27,21,10,2410449338,69,58223414,2849,1410115
1015,2022-05-14,14,23,31,33,37,40,44,8,3051105610,102,39883734,2880,1412549
1016,2022-05-21,15,26,28,34,41,42,44,11,2260660671,68,60949185,2686,1543018
1017,2022-05-28,12,18,22,23,30,34,32,7,3517684822,70,58628081,2596,1580881
1018,2022-06-04,3,19,21,25,37,45,35,2,12361744688,62,66460993,2693,1530109
1019,2022-06-11,1,4,13,17,34,39,6,50,438565140,75,48729460,5823,627634
1020,2022-06-18,12,27,29,38,41,45,6,13,1966431520,77,55332489,2817,1512461
1021,2022-06-25,12,15,17,24,29,45,16,12,2108962250,56,75320081,2461,1713907
1022,2022-07-02,5,6,11,29,42,45,28,5,4866468075,63,64371271,2580,1571857
1023,2022-07-09,10,14,16,18,29,35,25,9,2745677875,72,57201623,2506,1643463
1024,2022-07-16,9,18,20,22,38,44,10,8,3020323500,63,63922191,2616,1539411
1025,2022-07-23,8,9,20,25,29,33,7,4,6118853344,69,59119356,2671,1527232
1026,2022-07-30,5,12,13,31,32,41,34,15,1619118475,76,53260477,2786,1452907
1027,2022-08-06,14,16,27,35,39,45,5,10,2460504338,83,49407718,2700,1518830
1028,2022-08-13,5,7,12,13,18,35,23,20,1181235132,91,43268687,2810,1401228
1029,2022-08-20,12,30,32,37,39,41,24,10,2527848450,62,67952916,2614,1611738
1030,2022-08-27,2,5,11,17,24,29,9,19,1276406507,104,38864942,3278,1233055
1031,2022-09-03,6,7,22,32,35,36,19,8,3213957563,64,66957450,2789,1536493
1032,2022-09-10,1,6,12,19,36,42,28,10,2675257538,90,49541807,3078,1448591
1033,2022-09-17,3,11,15,20,35,44,10,13,1913414943,79,52477625,3083,1344708
1034,2022-09-24,26,31,32,33,38,40,11,9,2868856209,66,65201278,2898,1484916
1035,2022-10-01,9,14,34,35,41,42,2,8,3231193735,71,60679695,2848,1512732
1036,2022-10-08,2,5,22,32,34,45,39,9,2837323167,64,66499762,2593,1641337
1037,2022-10-15,2,14,15,22,27,33,31,15,1708576825,78,54762078,2713,1574435
1038,2022-10-22,7,16,24,27,37,44,2,15,1627457225,77,52839521,3364,1209466
1039,2022-10-29,2,3,6,19,36,39,26,16,1585019672,80,52833990,2773,1524241
1040,2022-11-05,8,16,26,29,31,36,11,7,3660482625,63,67786716,2583,1653335
1041,2022-11-12,6,7,9,11,17,18,45,25,935091165,85,45837803,3947,987133
1042,2022-11-19,5,14,15,23,34,43,4,20,1240663669,100,41355456,3567,1159391
1043,2022-11-26,3,5,12,22,26,31,19,17,1468646956,86,48385656,3156,1318494
1044,2022-12-03,12,17,20,26,28,36,4,8,3136941235,72,58091505,2597,1610547
1045,2022-12-10,6,14,15,19,21,41,37,13,1990060443,67,64355189,2699,1597554
1046,2022-12-17,7,16,25,29,35,36,28,12,2011415719,57,70575991,2959,1359524
1047,2022-12-24,2,20,33,40,42,44,32,9,2748797875,83,49677071,2728,1511436
1048,2022-12-31,6,12,17,21,32,39,30,17,1612494508,102,44791515,3817,1196944
1049,2023-01-07,3,5,13,20,21,37,17,15,1727810100,89,48533992,2968,1455366
1050,2023-01-14,6,12,31,35,38,43,17,17,1535083280,70,62134324,2866,1517587
1051,2023-01-21,21,26,30,32,33,35,44,18,1669558480,70,71552507,2824,1773611
1052,2023-01-28,5,17,26,27,35,38,1,11,2341682762,108,39750788,2926,1467220
1053,2023-02-04,22,26,29,30,34,45,15,7,4090367411,64,74563990,2702,1766135
1054,2023-02-11,14,19,27,28,30,45,33,9,3147925709,66,71543767,2714,1739827
1055,2023-02-18,4,7,12,14,22,33,31,11,2362815205,92,47085086,3413,1269215
1056,2023-02-25,13,20,24,32,36,45,29,14,1969662456,81,56739248,3223,1425964
1057,2023-03-04,8,13,19,27,40,45,12,17,1616069714,664,6895880,2962,1545870
1058,2023-03-11,11,23,25,30,32,40,42,13,2058020250,60,74317398,3074,1450568
1059,2023-03-18,7,10,22,25,34,40,27,13,2033168481,83,53074680,3127,1408762
1060,2023-03-25,3,10,24,33,38,45,36,28,898238907,96,43664392,4593,912646
1061,2023-04-01,4,24,27,35,37,45,15,11,2422768773,99,44866089,3003,1479102
1062,2023-04-08,20,31,32,40,41,45,12,7,3801933804,68,65229257,2668,1662515
1063,2023-04-15,3,6,22,23,24,38,30,7,3770311875,55,79976313,2706,1625535
1064,2023-04-22,3,6,9,18,22,35,14,19,1348168106,62,68858049,3296,1295267
1065,2023-04-29,3,18,19,23,32,45,24,14,1852593938,74,58415125,3117,1386821
1066,2023-05-06,6,11,16,19,21,32,45,15,1670947250,88,47470093,3323,1257108
1067,2023-05-13,7,10,19,23,28,33,18,13,1981114010,82,52346509,3679,1166734
1068,2023-05-20,4,7,19,26,33,35,3,19,1363929514,87,49644944,3114,1386998
1069,2023-05-27,1,10,18,22,28,31,44,14,1863217554,79,55031743,3006,1446277
1070,2023-06-03,3,6,14,22,30,41,36,14,1859116929,63,68856183,2938,1476495
1071,2023-06-10,1,2,11,21,30,35,39,5,5183979750,83,52047990,2891,1494287
1072,2023-06-17,16,18,20,23,32,43,27,12,2175006375,93,46774331,2872,1514629
1073,2023-06-24,6,18,28,30,32,38,15,11,2345227603,62,69348129,2994,1436067
1074,2023-07-01,1,6,20,27,28,41,15,12,2134763657,78,54737530,2711,1574891
1075,2023-07-08,1,23,24,35,44,45,10,9,2896337167,160,27153161,2750,1579821
1076,2023-07-15,3,7,9,33,36,37,10,9,2672689750,86,46616682,3109,1289494
1077,2023-07-22,4,8,17,30,40,43,34,7,3570901018,98,42510727,3235,1287806
1078,2023-07-29,6,10,11,14,36,38,43,12,2141604938,77,55626103,2691,1591680
1079,2023-08-05,4,8,18,24,37,45,6,9,2712329417,85,47864637,3212,1266655
1080,2023-08-12,13,16,23,31,36,44,38,7,3639444429,82,51780714,2720,1561037
1081,2023-08-19,1,9,16,23,24,38,17,11,2343892944,92,46708012,2923,1470112
1082,2023-08-26,21,26,27,32,34,42,31,7,3720489643,62,70009214,2768,1568126
1083,2023-09-02,3,7,14,15,22,38,17,15,1713084525,72,59482102,3274,1308098
1084,2023-09-09,8,12,13,29,33,42,5,15,1738764600,107,40625342,3003,1447523
1085,2023-09-16,4,7,17,18,38,44,36,23,1073277473,80,51427879,3471,1185316
1086,2023-09-23,11,16,25,27,35,36,37,17,1515913809,67,64105808,3270,1313483
1087,2023-09-30,13,14,18,21,34,44,16,16,1732253602,71,65061169,2989,1545448
1088,2023-10-07,11,21,22,30,39,44,31,11,2434697898,94,47485243,2991,1492348
1089,2023-10-14,4,18,31,37,42,43,40,9,2978522167,79,56554219,2825,1581517
1090,2023-10-21,12,19,21,29,40,45,1,11,2386494614,88,49718638,2931,1492747
1091,2023-10-28,6,20,23,24,28,30,44,9,2898470459,65,66887780,2873,1513299
1092,2023-11-04,7,18,19,26,33,45,37,16,1583289844,84,50263170,3327,1269044
1093,2023-11-11,10,17,22,30,35,43,44,13,1967040750,65,65568025,2928,1455575
1094,2023-11-18,6,7,15,22,26,40,41,12,2112854469,87,48571368,2725,1550719
1095,2023-11-25,8,14,28,29,34,40,12,10,2617825575,57,76544608,2584,1688484
1096,2023-12-02,1,12,16,19,23,43,34,10,2539391175,85,49791984,2924,1447442
1097,2023-12-09,14,33,34,35,37,40,4,7,3864293090,67,67288686,2631,1713547
1098,2023-12-16,12,16,21,24,41,43,15,13,1930461895,68,61509816,2840,1472771
1099,2023-12-23,3,20,28,38,40,43,4,9,2959934125,71,62533820,2701,1643800
1100,2023-12-30,17,26,29,30,31,43,12,13,2207575472,81,59050373,2869,1667160
1101,2024-01-06,6,7,13,28,36,42,41,13,2100529500,75,60681964,3363,1353300
1102,2024-01-13,13,14,22,26,37,38,20,20,1383591413,63,73205895,3042,1516099
1103,2024-01-20,10,12,29,31,40,44,2,17,1574419633,76,58695469,2909,1533468
1104,2024-01-27,1,7,21,30,35,38,2,15,1817193100,76,59776089,3000,1514328
1105,2024-02-03,6,16,34,37,39,40,11,15,1834853800,83,55266681,2898,1582863
1106,2024-02-10,1,3,4,29,42,45,36,11,2790462819,67,76355948,3374,1516257
1107,2024-02-17,6,14,30,31,40,41,29,14,2025625233,82,57639743,3357,1407942
1108,2024-02-24,7,19,26,37,39,44,27,14,1957990849,96,47590056,3227,1415757
1109,2024-03-02,10,12,13,19,33,40,2,17,1584352875,84,53440474,3347,1341202
1110,2024-03-09,3,7,11,20,22,41,24,16,1647392719,118,37229214,3654,1202258
1111,2024-03-16,3,13,30,33,43,45,4,16,1714662540,97,47138490,5096,897260
1112,2024-03-23,16,20,26,36,42,44,24,10,2804455650,59,79221912,3077,1519043
1113,2024-03-30,11,13,20,21,32,44,8,14,1987426822,57,81356654,2936,1579472
1114,2024-04-06,10,16,19,32,33,38,3,17,1583813824,88,50994006,3221,1393193
1115,2024-04-13,7,12,23,32,34,36,8,12,2257278282,60,75242610,3103,1454901
1116,2024-04-20,15,16,17,25,30,31,32,10,2695000238,114,39400589,2896,1550991
1117,2024-04-27,3,4,9,30,33,36,7,9,3028385542,94,48325302,3161,1437071
1118,2024-05-04,11,13,14,15,16,45,3,19,1477445132,72,64980226,3518,1329897
1119,2024-05-11,1,9,12,13,20,45,3,19,1396028764,97,45574823,3108,1422381
1120,2024-05-18,2,19,26,31,38,41,34,11,2522163375,91,50812816,3049,1516552
1121,2024-05-25,6,24,31,32,38,44,8,11,2524513262,76,60898347,2956,1565723
1122,2024-06-01,3,6,21,30,34,35,22,11,2556266046,99,47338261,2932,1598393
1123,2024-06-08,13,19,21,24,34,35,26,16,1731310711,77,59958813,2945,1567684
1124,2024-06-15,3,8,17,30,33,34,28,10,2623327913,87,50255324,3123,1400005
1125,2024-06-22,6,14,25,33,40,44,30,12,2195289188,78,56289467,3066,1432022
1126,2024-06-29,4,5,9,11,37,40,7,11,2386382421,91,48077302,3114,1404957
1127,2024-07-06,10,15,24,30,31,37,32,12,2267891969,84,53997428,3007,1508409
1128,2024-07-13,1,5,8,16,28,33,45,63,419925560,77,57262577,2987,1476137
1129,2024-07-20,5,10,11,17,28,34,22,11,2369567660,107,40600069,3142,1382625
1130,2024-07-27,15,19,21,25,27,28,40,12,2263301219,69,65602934,2900,1560898
1131,2024-08-03,1,2,6,14,27,38,33,17,1542367898,56,78036471,2861,1527453
1132,2024-08-10,6,7,19,28,34,41,5,11,2404951807,73,60398334,3086,1428736
1133,2024-08-17,13,14,20,28,29,34,23,13,2105079491,73,62479529,2737,1666426
1134,2024-08-24,3,7,9,13,19,24,23,14,1755689384,97,42233078,3961,1034236
1135,2024-08-31,1,6,13,19,21,33,4,9,2953726125,91,48687794,3417,1296632
1136,2024-09-07,21,33,35,38,42,44,1,12,2314468157,75,61719151,2906,1592890
1137,2024-09-14,4,9,12,15,33,45,26,14,2023447688,111,42534937,3323,1420818
1138,2024-09-21,14,16,19,20,29,34,35,14,1902656786,50,88790650,2865,1549576
1139,2024-09-28,5,12,15,30,37,40,18,13,2167490972,75,62616406,3240,1449454
1140,2024-10-05,7,10,22,29,31,38,15,12,2279823938,83,54935517,3345,1363124
1141,2024-10-12,7,11,12,21,26,35,20,11,2457758285,100,45058902,3371,1336663
1142,2024-10-19,2,8,28,30,37,41,22,9,3117517709,67,69795173,2841,1645997
1143,2024-10-26,10,16,17,27,28,36,6,11,2545657023,90,51855977,3154,1479721
1144,2024-11-02,3,4,12,15,26,34,6,18,1489347375,94,47532364,3626,1232224
1145,2024-11-09,2,11,31,33,37,44,32,9,3051630084,63,72657860,3312,1382079
1146,2024-11-16,6,11,17,19,40,43,28,11,2526476353,72,64331574,3030,1528672
1147,2024-11-23,7,11,24,26,27,37,32,8,3323422079,83,53388307,3588,1235014
1148,2024-11-30,3,6,13,15,16,22,32,13,2073332308,97,46311547,3082,1457567
1149,2024-12-07,8,15,19,21,32,36,38,17,1613380765,74,61773588,2924,1563354
1150,2024-12-14,8,9,18,35,39,45,25,17,1570620309,226,19690668,3413,1303865
1151,2024-12-21,2,3,9,15,27,29,8,17,1620503030,102,45013974,3351,1370166
1152,2024-12-28,30,31,32,35,36,37,5,35,874349668,79,64561685,3354,1520684
1153,2025-01-04,1,9,10,13,35,44,5,15,2027312925,79,64155473,3506,1445603
1154,2025-01-11,4,8,22,26,32,38,27,15,1854965425,62,74796993,3190,1453735
1155,2025-01-18,10,16,19,27,37,38,13,7,4066375179,78,60821851,3171,1496091
1156,2025-01-25,30,31,34,39,41,45,7,21,1505207090,73,72167464,3494,1507792
1157,2025-02-01,5,7,12,20,25,26,28,12,2257842157,141,32026130,4549,992677
1158,2025-02-08,21,25,27,32,37,38,20,21,1394358197,86,56747136,3032,1609583
1159,2025-02-15,3,9,27,28,38,39,7,23,1284854250,110,44775224,3742,1316215
1160,2025-02-22,7,13,18,36,39,45,19,12,2509359875,84,59746664,3176,1580202
1161,2025-03-01,2,12,20,24,34,42,37,16,1792657969,117,40858302,4107,1163970
1162,2025-03-08,20,21,22,25,28,29,6,36,823931021,78,63379310,4752,1040317
1163,2025-03-15,2,13,15,16,33,43,4,15,1936891150,75,64563039,3386,1430074
1164,2025-03-22,17,18,23,25,38,39,22,13,2193092164,76,62522365,3470,1369366
1165,2025-03-29,6,7,27,29,38,45,17,13,2192485270,91,52202031,3173,1497128
1166,2025-04-05,14,23,25,27,29,42,16,14,2072319938,80,60442665,2803,1725085
1167,2025-04-12,8,23,31,35,39,40,24,10,2884087913,69,69663960,2942,1633859
1168,2025-04-19,9,21,24,30,33,37,29,13,2136635914,74,62559160,3514,1317410
1169,2025-04-26,5,12,24,26,39,42,20,10,2852735813,112,42451426,3244,1465648
1170,2025-05-03,3,13,28,34,38,42,25,20,1386550969,103,44872200,5668,815427
1171,2025-05-10,3,6,7,11,12,17,19,21,1128345286,148,26683842,5317,742752
1172,2025-05-17,7,9,24,40,42,44,45,13,2203004452,98,48705881,3059,1560372
1173,2025-05-24,1,5,18,20,30,35,3,24,1179946063,94,50210471,3139,1503595
1174,2025-05-31,8,11,14,17,36,39,22,15,1910619425,85,56194689,3196,1494540
1175,2025-06-07,3,4,6,8,32,42,31,20,1384026094,92,50145873,3178,1451675
1176,2025-06-14,7,9,11,21,30,35,29,13,2052166154,89,49959102,3533,1258523
1177,2025-06-21,3,7,15,16,19,43,21,6,4576672000,75,61022294,3111,1471126
1178,2025-06-28,5,6,11,27,43,44,17,12,2391608407,89,53744010,3061,1562633
1179,2025-07-05,3,16,18,24,40,44,21,13,2162821097,63,74382737,2989,1567787
1180,2025-07-12,6,12,18,37,40,41,3,11,2535566421,72,64563034,3010,1544365
1181,2025-07-19,8,10,14,20,33,41,28,17,1593643500,86,52503759,3109,1452340
1182,2025-07-26,1,13,21,25,28,31,22,13,2124785424,79,58274706,3015,1526933
1183,2025-08-02,4,15,17,23,27,36,31,13,2073966000,92,48843403,3623,1240297
1184,2025-08-09,14,16,23,25,31,37,42,15,1910655600,95,50280411,3115,1533432
1185,2025-08-16,6,17,22,28,29,32,38,12,2388695125,79,60473295,2903,1645674
1186,2025-08-23,2,8,13,16,23,28,35,14,1985676911,89,52058946,3226,1436221
1187,2025-08-30,5,13,26,29,37,40,42,11,2619380012,79,60787300,3147,1525961
1188,2025-09-06,3,4,12,19,22,27,9,24,1074625172,111,38725232,3713,1157690
1189,2025-09-13,9,19,29,35,37,38,31,13,2263651299,167,29368730,3121,1571477
1190,2025-09-20,7,9,19,23,26,45,33,6,4622793813,113,40909680,3293,1403825
1191,2025-09-27,1,4,11,12,20,41,2,18,1536334355,132,34916690,3649,1263087
1192,2025-10-04,10,16,23,36,39,40,11,29,1079546587,95,54924300,3476,1501096
1193,2025-10-11,6,9,16,19,24,28,17,16,1717013508,84,54508366,3635,1259616
1194,2025-10-18,3,13,15,24,33,37,2,28,985155349,99,46438300,5442,844799
1195,2025-10-25,3,15,27,33,34,36,37,10,2939186738,86,56960984,3337,1467979
1196,2025-11-01,8,12,15,29,40,45,14,15,2001627550,94,53234776,2837,1763860
1197,2025-11-08,1,5,7,26,28,43,30,13,2205089827,74,64563441,3087,1547683
1198,2025-11-15,26,30,33,38,39,41,21,10,2953686638,78,63112963,3110,1582898
1199,2025-11-22,16,24,25,30,31,32,7,17,1695609839,75,64056372,3504,1371070
1200,2025-11-29,1,2,4,16,20,32,45,12,2357299875,80,58932497,3584,1315458
1201,2025-12-06,7,9,24,27,35,36,37,19,1414555718,84,53326506,3321,1348819
1202,2025-12-13,5,12,21,33,37,40,7,14,1920410813,109,41109712,3764,1190478
1203,2025-12-20,3,6,18,29,35,39,24,21,1368060733,118,40578073,3588,1334508
1204,2025-12-27,8,16,28,30,31,44,27,18,1661007688,95,52452875,3361,1482602
1205,2026-01-03,1,4,16,23,31,41,2,10,3226386263,97,55436191,3486,1542545
1206,2026-01-10,1,3,17,26,27,42,23,15,1868807000,74,63135372,3329,1403430
1207,2026-01-17,10,22,24,27,38,45,11,17,1733202949,86,57101648,3365,1459359
1208,2026-01-24,6,27,30,36,38,42,25,6,5001713625,68,73554613,2932,1705906
1209,2026-01-31,2,17,20,35,37,39,24,22,1371910466,73,68908745,3141,1601509
1210,2026-02-07,1,7,9,17,27,38,31,24,1102298407,153,28818259,4649,948418
1211,2026-02-14,23,26,27,35,38,40,10,14,2370956036,86,64328265,3332,1660334
1212,2026-02-21,5,8,25,31,41,44,45,12,2654089032,79,67192128,3482,1524463
1213,2026-02-28,5,11,25,27,36,38,2,18,1740011646,110,47454864,3724,1401728
1214,2026-03-07,10,15,19,27,30,33,14,12,2431577188,99,49122772,3618,1344156
1215,2026-03-14,13,15,19,21,44,45,39,16,1998542133,76,70124286,3120,1708156
1216,2026-03-21,3,10,14,15,23,24,25,14,2148654000,87,57626736,3181,1576085
1217,2026-03-28,8,10,15,20,29,31,41,14,2179738018,85,59835946,3344,1520950
1218,2026-04-04,3,28,31,32,42,45,25,18,1714482042,80,64293077,2889,1780356
1219,2026-04-11,1,2,15,28,39,45,31,12,2508232844,77,65148906,3079,1629252
1220,2026-04-18,2,22,25,28,34,43,16,14,2114514161,85,58045487,3192,1545698
1221,2026-04-25,6,13,18,28,30,36,9,16,1830801165,96,50855588,3465,1408986
1222,2026-05-02,4,11,17,22,32,41,34,24,1202986844,115,41843021,4081,1179110
1223,2026-05-09,16,18,20,32,33,39,26,16,1857554133,103,48092017,3481,1423005
1224,2026-05-16,9,18,21,27,44,45,28,12,2414855250,70,68995865,3373,1431874
1225,2026-05-23,8,9,19,25,41,42,33,13,2228133087,76,63521338,3333,1448432
1226,2026-05-30,4,6,13,17,26,28,41,10,2815230113,75,62560670,3557,1319104
1227,2026-06-06,1,14,16,34,41,44,13,11,2674808455,70,70054508,3042,1612037
1228,2026-06-13,24,29,30,31,35,44,1,11,2698334421,83,59601765,2836,1744340
1229,2026-06-20,12,13,29,34,37,42,16,8,3519759000,89,52730472,2925,1604449
1230,2026-06-27,3,8,9,22,28,42,45,16,1771357196,90,52484658,3336,1415953
1231,2026-07-04,4,13,14,18,31,38,15,17,1652990074,92,50907303,3329,1406871
1232,2026-07-11,12,15,19,22,24,36,3,11,2533260819,92,50481647,2984,1556405
1233,2026-07-18,2,7,20,25,37,40,29,31,837965396,76,56966946,4438,975550
